{"pageProps":{"locationGroups":[{"id":"cdf42621-c0a8-4a66-a810-d9423e6f1a8a","locations":[{"id":"bashirian-williamson-center","name":"Bashirian - Williamson Center","longitude":30.40016,"latitude":-97.726486,"mailingAddress":"3309 Esperanza Xing Austin, TX 78758","rooms":[{"description":"Coworking Office","monthlyRate":8689.26,"seats":5,"privateFacilities":false,"phoneIncluded":true,"windows":false,"corner":false},{"description":"Single Corner Suite","monthlyRate":1264.78,"seats":1,"privateFacilities":true,"phoneIncluded":true,"windows":false,"corner":true},{"description":"Pair Corner Office","monthlyRate":2117.66,"seats":2,"privateFacilities":false,"phoneIncluded":false,"windows":false,"corner":true},{"description":"Pair Office","monthlyRate":2626.71,"seats":2,"privateFacilities":false,"phoneIncluded":true,"windows":false,"corner":false},{"description":"Team Corner Office","monthlyRate":5591.48,"seats":3,"privateFacilities":false,"phoneIncluded":true,"windows":false,"corner":true},{"description":"Pair Suite","monthlyRate":2151.46,"seats":2,"privateFacilities":true,"phoneIncluded":true,"windows":false,"corner":false},{"description":"Pair Corner Suite","monthlyRate":2274.99,"seats":2,"privateFacilities":true,"phoneIncluded":false,"windows":false,"corner":true}],"parkingIncluded":false,"conferenceRoomsIncluded":true,"receptionIncluded":true,"publicAccess":true,"lastRenovationDate":"2018-08-29T00:00:00.000Z","image":"e2e10c64-be63-47af-942b-6da5a43438d1.png"},{"id":"feil-mcclure-and-daugherty-building","name":"Feil, McClure and Daugherty Building","longitude":47.616989,"latitude":-122.201195,"mailingAddress":"700 Bellevue Way Bellevue, WA 98004","rooms":[{"description":"Coworking Suite","monthlyRate":9255.18,"seats":5,"privateFacilities":true,"phoneIncluded":false,"windows":false,"corner":false},{"description":"Coworking Corner Office","monthlyRate":8265.89,"seats":5,"privateFacilities":false,"phoneIncluded":false,"windows":false,"corner":true},{"description":"Pair Suite","monthlyRate":3847.05,"seats":2,"privateFacilities":true,"phoneIncluded":true,"windows":false,"corner":false},{"description":"Single Corner Suite","monthlyRate":1380.95,"seats":1,"privateFacilities":true,"phoneIncluded":false,"windows":false,"corner":true},{"description":"Pair Office","monthlyRate":3760.46,"seats":2,"privateFacilities":false,"phoneIncluded":true,"windows":false,"corner":false},{"description":"Pair Corner Office","monthlyRate":3204.63,"seats":2,"privateFacilities":false,"phoneIncluded":false,"windows":false,"corner":true},{"description":"Single Suite","monthlyRate":1969.82,"seats":1,"privateFacilities":true,"phoneIncluded":true,"windows":false,"corner":false},{"description":"Team Corner Suite","monthlyRate":4590.75,"seats":3,"privateFacilities":true,"phoneIncluded":false,"windows":false,"corner":true}],"parkingIncluded":false,"conferenceRoomsIncluded":true,"receptionIncluded":true,"publicAccess":true,"lastRenovationDate":"2018-01-03T00:00:00.000Z","image":"ff959e83-078b-48eb-aaa7-6d3aa14cb79c.png"}]},{"id":"2a644c99-e937-4c8a-8f37-a4e90761819e","locations":[{"id":"daniel-mcdermott-and-douglas-square","name":"Daniel, McDermott and Douglas Square","longitude":33.503067,"latitude":-111.929405,"mailingAddress":"7014 E Camelback Rd Scottsdale, AZ 85251","rooms":[{"description":"Team Office","monthlyRate":3690.77,"seats":3,"privateFacilities":false,"phoneIncluded":true,"windows":false,"corner":false},{"description":"Pair Suite","monthlyRate":3317.32,"seats":2,"privateFacilities":true,"phoneIncluded":true,"windows":false,"corner":false}],"parkingIncluded":false,"conferenceRoomsIncluded":true,"receptionIncluded":false,"publicAccess":true,"lastRenovationDate":"2017-01-18T00:00:00.000Z","image":"1132f6ad-a8c9-45d9-9859-c48b5ae51253.png"},{"id":"turner-schoen-and-bogisich-center","name":"Turner, Schoen and Bogisich Center","longitude":37.989769,"latitude":-84.527771,"mailingAddress":"3401 Nicholasville Rd Lexington, KY 40503","rooms":[{"description":"Pair Corner Office","monthlyRate":2024.67,"seats":2,"privateFacilities":false,"phoneIncluded":false,"windows":false,"corner":true},{"description":"Team Suite","monthlyRate":7101.23,"seats":4,"privateFacilities":true,"phoneIncluded":false,"windows":false,"corner":false},{"description":"Coworking Suite","monthlyRate":8112.78,"seats":5,"privateFacilities":true,"phoneIncluded":true,"windows":false,"corner":false},{"description":"Pair Suite","monthlyRate":2332.04,"seats":2,"privateFacilities":true,"phoneIncluded":false,"windows":false,"corner":false},{"description":"Team Corner Office","monthlyRate":4899.36,"seats":4,"privateFacilities":false,"phoneIncluded":true,"windows":false,"corner":true},{"description":"Pair Corner Suite","monthlyRate":3187.35,"seats":2,"privateFacilities":true,"phoneIncluded":true,"windows":false,"corner":true},{"description":"Single Corner Office","monthlyRate":1743.9,"seats":1,"privateFacilities":false,"phoneIncluded":false,"windows":false,"corner":true}],"parkingIncluded":false,"conferenceRoomsIncluded":true,"receptionIncluded":true,"publicAccess":true,"lastRenovationDate":"2016-07-12T00:00:00.000Z","image":"72d63689-cb05-4749-914d-5a7b0884de5c.png"}]}]},"__N_SSG":true}