{"pageProps":{"locationGroups":[{"id":"5c8c6a9c-e465-4bb4-b1f4-4058a9dc177f","locations":[{"id":"mcglynn-kunze-square","name":"McGlynn - Kunze Square","longitude":47.621201,"latitude":-122.338181,"mailingAddress":"320 Westlake Ave N Seattle, WA 98109","rooms":[{"description":"Coworking Office","monthlyRate":6120.92,"seats":5,"privateFacilities":false,"phoneIncluded":true,"windows":false,"corner":false},{"description":"Coworking Corner Suite","monthlyRate":7220.4,"seats":5,"privateFacilities":true,"phoneIncluded":true,"windows":false,"corner":true},{"description":"Coworking Office","monthlyRate":8924.69,"seats":5,"privateFacilities":false,"phoneIncluded":false,"windows":false,"corner":false},{"description":"Pair Office","monthlyRate":3788.99,"seats":2,"privateFacilities":false,"phoneIncluded":true,"windows":false,"corner":false},{"description":"Pair Corner Office","monthlyRate":2948,"seats":2,"privateFacilities":false,"phoneIncluded":true,"windows":false,"corner":true}],"parkingIncluded":true,"conferenceRoomsIncluded":true,"receptionIncluded":true,"publicAccess":false,"lastRenovationDate":"1982-05-08T00:00:00.000Z","image":"601e072a-dfea-4928-ad87-dbf75d1d6448.png"},{"id":"schoen-rau-and-windler-square","name":"Schoen, Rau and Windler Square","longitude":35.1087,"latitude":-106.605949,"mailingAddress":"3400 Menaul Blvd NE Albuquerque, NM 87107","rooms":[{"description":"Team Corner Suite","monthlyRate":4114.3,"seats":4,"privateFacilities":true,"phoneIncluded":true,"windows":false,"corner":true},{"description":"Single Corner Office","monthlyRate":1112.43,"seats":1,"privateFacilities":false,"phoneIncluded":true,"windows":false,"corner":true},{"description":"Team Office","monthlyRate":7878.98,"seats":4,"privateFacilities":false,"phoneIncluded":false,"windows":false,"corner":false},{"description":"Single Suite","monthlyRate":1830.52,"seats":1,"privateFacilities":true,"phoneIncluded":true,"windows":false,"corner":false},{"description":"Single Suite","monthlyRate":1449.02,"seats":1,"privateFacilities":true,"phoneIncluded":false,"windows":false,"corner":false},{"description":"Team Office","monthlyRate":3405.94,"seats":3,"privateFacilities":false,"phoneIncluded":false,"windows":false,"corner":false},{"description":"Pair Corner Suite","monthlyRate":2010.4,"seats":2,"privateFacilities":true,"phoneIncluded":false,"windows":false,"corner":true},{"description":"Coworking Office","monthlyRate":9805.22,"seats":5,"privateFacilities":false,"phoneIncluded":false,"windows":false,"corner":false}],"parkingIncluded":false,"conferenceRoomsIncluded":false,"receptionIncluded":false,"publicAccess":true,"lastRenovationDate":"2014-10-31T00:00:00.000Z","image":"2e164e90-db72-4847-9a2a-a73ea6cd9d83.png"},{"id":"cronin-group-plaza","name":"Cronin Group Plaza","longitude":36.107281,"latitude":-86.816017,"mailingAddress":"2126 Abbott Martin Rd Nashville, TN 37215","rooms":[{"description":"Single Suite","monthlyRate":1851.99,"seats":1,"privateFacilities":true,"phoneIncluded":true,"windows":false,"corner":false},{"description":"Coworking Corner Suite","monthlyRate":8741.43,"seats":5,"privateFacilities":true,"phoneIncluded":true,"windows":false,"corner":true}],"parkingIncluded":false,"conferenceRoomsIncluded":false,"receptionIncluded":true,"publicAccess":false,"lastRenovationDate":"1981-10-05T00:00:00.000Z","image":"a01d958c-cf5e-438a-ba73-e6fd3ed3d2db.png"}]},{"id":"fef095cc-eeb4-41fd-a51d-0bc364673efb","locations":[{"id":"kuhlman-ankunding-and-howe-square","name":"Kuhlman, Ankunding and Howe Square","longitude":47.676857,"latitude":-122.198074,"mailingAddress":"550 Kirkland Way Kirkland, WA 98033","rooms":[{"description":"Coworking Suite","monthlyRate":9295.58,"seats":5,"privateFacilities":true,"phoneIncluded":true,"windows":false,"corner":false},{"description":"Single Corner Office","monthlyRate":1694.52,"seats":1,"privateFacilities":false,"phoneIncluded":false,"windows":false,"corner":true},{"description":"Coworking Corner Office","monthlyRate":6557.93,"seats":5,"privateFacilities":false,"phoneIncluded":true,"windows":false,"corner":true},{"description":"Team Suite","monthlyRate":6622.99,"seats":4,"privateFacilities":true,"phoneIncluded":false,"windows":false,"corner":false},{"description":"Team Office","monthlyRate":3811.47,"seats":3,"privateFacilities":false,"phoneIncluded":false,"windows":false,"corner":false},{"description":"Coworking Office","monthlyRate":5797.65,"seats":5,"privateFacilities":false,"phoneIncluded":true,"windows":false,"corner":false}],"parkingIncluded":false,"conferenceRoomsIncluded":false,"receptionIncluded":false,"publicAccess":false,"lastRenovationDate":"1969-09-16T00:00:00.000Z","image":"632240d8-edd6-440c-8c82-b871e705ccf3.png"},{"id":"gutkowski-inc-building","name":"Gutkowski Inc Building","longitude":33.846432,"latitude":-84.362465,"mailingAddress":"3393 Peachtree Rd Atlanta, GA 30326","rooms":[{"description":"Team Office","monthlyRate":3180.39,"seats":3,"privateFacilities":false,"phoneIncluded":false,"windows":false,"corner":false},{"description":"Team Office","monthlyRate":5088.93,"seats":4,"privateFacilities":false,"phoneIncluded":false,"windows":false,"corner":false},{"description":"Coworking Corner Office","monthlyRate":8733.47,"seats":5,"privateFacilities":false,"phoneIncluded":false,"windows":false,"corner":true},{"description":"Single Suite","monthlyRate":1971.5,"seats":1,"privateFacilities":true,"phoneIncluded":false,"windows":false,"corner":false},{"description":"Team Office","monthlyRate":4137.11,"seats":3,"privateFacilities":false,"phoneIncluded":false,"windows":false,"corner":false},{"description":"Team Suite","monthlyRate":4065.2,"seats":3,"privateFacilities":true,"phoneIncluded":true,"windows":false,"corner":false},{"description":"Coworking Corner Office","monthlyRate":9916.61,"seats":5,"privateFacilities":false,"phoneIncluded":true,"windows":false,"corner":true},{"description":"Single Suite","monthlyRate":1980.85,"seats":1,"privateFacilities":true,"phoneIncluded":false,"windows":false,"corner":false}],"parkingIncluded":true,"conferenceRoomsIncluded":false,"receptionIncluded":true,"publicAccess":true,"lastRenovationDate":"2015-09-20T00:00:00.000Z","image":"588b4490-ac65-426f-848e-ee20bccb19ec.png"},{"id":"stamm-heidenreich-complex","name":"Stamm - Heidenreich Complex","longitude":25.956699,"latitude":-80.146729,"mailingAddress":"19575 Biscayne Blvd Aventura, FL 33180","rooms":[{"description":"Team Suite","monthlyRate":4658.72,"seats":4,"privateFacilities":true,"phoneIncluded":false,"windows":false,"corner":false},{"description":"Team Corner Suite","monthlyRate":3900.11,"seats":3,"privateFacilities":true,"phoneIncluded":false,"windows":false,"corner":true},{"description":"Single Corner Office","monthlyRate":1475.62,"seats":1,"privateFacilities":false,"phoneIncluded":false,"windows":false,"corner":true},{"description":"Single Office","monthlyRate":1776.99,"seats":1,"privateFacilities":false,"phoneIncluded":true,"windows":false,"corner":false},{"description":"Pair Corner Suite","monthlyRate":2843.25,"seats":2,"privateFacilities":true,"phoneIncluded":true,"windows":false,"corner":true}],"parkingIncluded":false,"conferenceRoomsIncluded":false,"receptionIncluded":false,"publicAccess":true,"lastRenovationDate":"1950-04-23T00:00:00.000Z","image":"5d6edd5c-469c-442f-9b7e-dc20d1cd5024.png"}]},{"id":"c16ec169-38eb-48cc-b5c8-24c5c364ea52","locations":[{"id":"goyette-luettgen-plaza","name":"Goyette - Luettgen Plaza","longitude":37.793369,"latitude":-122.394234,"mailingAddress":"1 Market San Francisco, CA 94105","rooms":[{"description":"Coworking Suite","monthlyRate":9026.75,"seats":5,"privateFacilities":true,"phoneIncluded":false,"windows":false,"corner":false},{"description":"Single Suite","monthlyRate":1703.95,"seats":1,"privateFacilities":true,"phoneIncluded":false,"windows":false,"corner":false}],"parkingIncluded":true,"conferenceRoomsIncluded":true,"receptionIncluded":true,"publicAccess":false,"lastRenovationDate":"1953-07-12T00:00:00.000Z","image":"8b6c58fc-45d0-4a14-8d87-15c2646499fb.png"},{"id":"sipes-group-complex","name":"Sipes Group Complex","longitude":39.717941,"latitude":-104.952133,"mailingAddress":"3000 E 1st Ave, Denver, CO 80206","rooms":[{"description":"Coworking Corner Suite","monthlyRate":7139.72,"seats":5,"privateFacilities":true,"phoneIncluded":true,"windows":false,"corner":true},{"description":"Single Office","monthlyRate":1790.76,"seats":1,"privateFacilities":false,"phoneIncluded":true,"windows":false,"corner":false},{"description":"Team Office","monthlyRate":4698.57,"seats":4,"privateFacilities":false,"phoneIncluded":true,"windows":false,"corner":false},{"description":"Team Office","monthlyRate":4544.96,"seats":3,"privateFacilities":false,"phoneIncluded":false,"windows":false,"corner":false},{"description":"Single Suite","monthlyRate":1829.03,"seats":1,"privateFacilities":true,"phoneIncluded":true,"windows":false,"corner":false},{"description":"Team Corner Suite","monthlyRate":5408.63,"seats":3,"privateFacilities":true,"phoneIncluded":false,"windows":false,"corner":true},{"description":"Team Office","monthlyRate":4524.19,"seats":3,"privateFacilities":false,"phoneIncluded":true,"windows":false,"corner":false},{"description":"Pair Office","monthlyRate":3585.98,"seats":2,"privateFacilities":false,"phoneIncluded":false,"windows":false,"corner":false}],"parkingIncluded":false,"conferenceRoomsIncluded":false,"receptionIncluded":true,"publicAccess":true,"lastRenovationDate":"1987-05-14T00:00:00.000Z","image":"210fad93-2ead-473f-9b3e-9ef63fd84bc7.png"},{"id":"reichert-luettgen-complex","name":"Reichert - Luettgen Complex","longitude":47.612839,"latitude":-122.335114,"mailingAddress":"600 Pine St Seattle, WA 98101","rooms":[{"description":"Team Office","monthlyRate":4422.75,"seats":3,"privateFacilities":false,"phoneIncluded":true,"windows":false,"corner":false},{"description":"Team Corner Office","monthlyRate":4793.23,"seats":3,"privateFacilities":false,"phoneIncluded":false,"windows":false,"corner":true},{"description":"Coworking Corner Office","monthlyRate":9294.15,"seats":5,"privateFacilities":false,"phoneIncluded":false,"windows":false,"corner":true},{"description":"Team Corner Suite","monthlyRate":5381.71,"seats":3,"privateFacilities":true,"phoneIncluded":true,"windows":false,"corner":true},{"description":"Team Office","monthlyRate":3243.65,"seats":3,"privateFacilities":false,"phoneIncluded":true,"windows":false,"corner":false},{"description":"Single Corner Suite","monthlyRate":1044.41,"seats":1,"privateFacilities":true,"phoneIncluded":true,"windows":false,"corner":true},{"description":"Team Corner Suite","monthlyRate":3247.39,"seats":3,"privateFacilities":true,"phoneIncluded":false,"windows":false,"corner":true}],"parkingIncluded":false,"conferenceRoomsIncluded":false,"receptionIncluded":true,"publicAccess":true,"lastRenovationDate":"2000-08-25T00:00:00.000Z","image":"0284b16d-5908-4ca5-bf83-c7cf978795dc.png"}]},{"id":"c4a02398-8e97-40de-ba89-5b8f2d8a0d1a","locations":[{"id":"bosco-moen-and-hand-center","name":"Bosco, Moen and Hand Center","longitude":47.79454,"latitude":-122.1967,"mailingAddress":"22422 29th Dr SE Bothell, WA 98021","rooms":[{"description":"Coworking Suite","monthlyRate":8297.78,"seats":5,"privateFacilities":true,"phoneIncluded":true,"windows":false,"corner":false},{"description":"Single Office","monthlyRate":1649.22,"seats":1,"privateFacilities":false,"phoneIncluded":true,"windows":false,"corner":false},{"description":"Single Suite","monthlyRate":1407.41,"seats":1,"privateFacilities":true,"phoneIncluded":true,"windows":false,"corner":false},{"description":"Single Corner Office","monthlyRate":1432.03,"seats":1,"privateFacilities":false,"phoneIncluded":true,"windows":false,"corner":true},{"description":"Pair Suite","monthlyRate":3833.26,"seats":2,"privateFacilities":true,"phoneIncluded":false,"windows":false,"corner":false},{"description":"Team Corner Office","monthlyRate":5755.21,"seats":4,"privateFacilities":false,"phoneIncluded":false,"windows":false,"corner":true},{"description":"Coworking Corner Office","monthlyRate":7734.48,"seats":5,"privateFacilities":false,"phoneIncluded":false,"windows":false,"corner":true},{"description":"Team Suite","monthlyRate":5944.61,"seats":4,"privateFacilities":true,"phoneIncluded":true,"windows":false,"corner":false},{"description":"Team Corner Office","monthlyRate":7514.28,"seats":4,"privateFacilities":false,"phoneIncluded":true,"windows":false,"corner":true},{"description":"Pair Suite","monthlyRate":2100.36,"seats":2,"privateFacilities":true,"phoneIncluded":true,"windows":false,"corner":false}],"parkingIncluded":true,"conferenceRoomsIncluded":true,"receptionIncluded":false,"publicAccess":false,"lastRenovationDate":"1981-11-26T00:00:00.000Z","image":"c7499088-d4af-45c3-8a64-7bfe0e7f49c4.png"},{"id":"turcotte-carroll-and-hermiston-square","name":"Turcotte, Carroll and Hermiston Square","longitude":35.104061,"latitude":-89.847656,"mailingAddress":"6465 N Quail Hollow Rd Memphis, TN 38120","rooms":[{"description":"Team Corner Office","monthlyRate":4760.78,"seats":3,"privateFacilities":false,"phoneIncluded":false,"windows":false,"corner":true},{"description":"Pair Suite","monthlyRate":3094.52,"seats":2,"privateFacilities":true,"phoneIncluded":true,"windows":false,"corner":false},{"description":"Team Office","monthlyRate":6700.48,"seats":4,"privateFacilities":false,"phoneIncluded":false,"windows":false,"corner":false},{"description":"Team Office","monthlyRate":4096.01,"seats":3,"privateFacilities":false,"phoneIncluded":true,"windows":false,"corner":false},{"description":"Pair Suite","monthlyRate":3320.12,"seats":2,"privateFacilities":true,"phoneIncluded":false,"windows":false,"corner":false}],"parkingIncluded":false,"conferenceRoomsIncluded":false,"receptionIncluded":false,"publicAccess":true,"lastRenovationDate":"1983-10-31T00:00:00.000Z","image":"59ab5aed-8acf-46c9-a544-58bef746334c.png"},{"id":"ziemann-and-sons-plaza","name":"Ziemann and Sons Plaza","longitude":29.518398,"latitude":-98.495422,"mailingAddress":"7400 San Pedro Ave San Antonio, TX 78216","rooms":[{"description":"Team Suite","monthlyRate":5501.62,"seats":3,"privateFacilities":true,"phoneIncluded":true,"windows":false,"corner":false},{"description":"Team Suite","monthlyRate":6731.65,"seats":4,"privateFacilities":true,"phoneIncluded":false,"windows":false,"corner":false}],"parkingIncluded":true,"conferenceRoomsIncluded":false,"receptionIncluded":true,"publicAccess":false,"lastRenovationDate":"1960-02-06T00:00:00.000Z","image":"c58285f0-081b-4afb-b616-f3edd2be34aa.png"}]},{"id":"73a5f639-ec70-4bc2-bb73-0df09c8f4bc1","locations":[{"id":"lehner-kuhic-complex","name":"Lehner - Kuhic Complex","longitude":27.384417,"latitude":-82.452843,"mailingAddress":"140 University Town Center Dr Sarasota, FL 34243","rooms":[{"description":"Pair Corner Suite","monthlyRate":2642.25,"seats":2,"privateFacilities":true,"phoneIncluded":false,"windows":false,"corner":true},{"description":"Single Corner Office","monthlyRate":1454.92,"seats":1,"privateFacilities":false,"phoneIncluded":true,"windows":false,"corner":true},{"description":"Single Corner Suite","monthlyRate":1867.02,"seats":1,"privateFacilities":true,"phoneIncluded":false,"windows":false,"corner":true},{"description":"Team Corner Office","monthlyRate":4156.35,"seats":4,"privateFacilities":false,"phoneIncluded":true,"windows":false,"corner":true},{"description":"Pair Suite","monthlyRate":3811.29,"seats":2,"privateFacilities":true,"phoneIncluded":false,"windows":false,"corner":false}],"parkingIncluded":false,"conferenceRoomsIncluded":false,"receptionIncluded":false,"publicAccess":false,"lastRenovationDate":"1979-02-18T00:00:00.000Z","image":"68080618-a420-4659-a476-4d8438eb8859.png"},{"id":"thiel-kreiger-and-gleichner-square","name":"Thiel, Kreiger and Gleichner Square","longitude":33.923931,"latitude":-84.34153,"mailingAddress":"4400 Ashford Dunwoody Rd NE Atlanta, GA 30346","rooms":[{"description":"Team Suite","monthlyRate":5834.71,"seats":4,"privateFacilities":true,"phoneIncluded":true,"windows":false,"corner":false},{"description":"Team Corner Office","monthlyRate":7154.41,"seats":4,"privateFacilities":false,"phoneIncluded":true,"windows":false,"corner":true},{"description":"Team Suite","monthlyRate":4647.4,"seats":3,"privateFacilities":true,"phoneIncluded":false,"windows":false,"corner":false},{"description":"Coworking Office","monthlyRate":6829.34,"seats":5,"privateFacilities":false,"phoneIncluded":true,"windows":false,"corner":false},{"description":"Single Corner Office","monthlyRate":1439.1,"seats":1,"privateFacilities":false,"phoneIncluded":true,"windows":false,"corner":true},{"description":"Coworking Office","monthlyRate":5913.27,"seats":5,"privateFacilities":false,"phoneIncluded":true,"windows":false,"corner":false}],"parkingIncluded":true,"conferenceRoomsIncluded":true,"receptionIncluded":false,"publicAccess":true,"lastRenovationDate":"1973-10-19T00:00:00.000Z","image":"8c24048c-9feb-40fb-9bef-a9d768d89dc5.png"},{"id":"waelchi-inc-complex","name":"Waelchi Inc Complex","longitude":27.943701,"latitude":-82.537735,"mailingAddress":"5426 Bay Center Dr Tampa, FL 33609","rooms":[{"description":"Team Corner Office","monthlyRate":4636.47,"seats":4,"privateFacilities":false,"phoneIncluded":false,"windows":false,"corner":true},{"description":"Coworking Corner Suite","monthlyRate":8577.4,"seats":5,"privateFacilities":true,"phoneIncluded":true,"windows":false,"corner":true},{"description":"Single Office","monthlyRate":1240.7,"seats":1,"privateFacilities":false,"phoneIncluded":false,"windows":false,"corner":false},{"description":"Team Corner Office","monthlyRate":4740.77,"seats":4,"privateFacilities":false,"phoneIncluded":true,"windows":false,"corner":true},{"description":"Team Suite","monthlyRate":4765.39,"seats":3,"privateFacilities":true,"phoneIncluded":true,"windows":false,"corner":false},{"description":"Team Suite","monthlyRate":4751.42,"seats":4,"privateFacilities":true,"phoneIncluded":false,"windows":false,"corner":false},{"description":"Team Suite","monthlyRate":5717.38,"seats":3,"privateFacilities":true,"phoneIncluded":false,"windows":false,"corner":false}],"parkingIncluded":true,"conferenceRoomsIncluded":false,"receptionIncluded":false,"publicAccess":false,"lastRenovationDate":"1999-11-14T00:00:00.000Z","image":"48f95173-5633-4ced-8988-7a6ecce52f9f.png"}]},{"id":"635b3743-78d8-493a-b6a1-6349ce4d682b","locations":[{"id":"bashirian-williamson-center","name":"Bashirian - Williamson Center","longitude":30.40016,"latitude":-97.726486,"mailingAddress":"3309 Esperanza Xing Austin, TX 78758","rooms":[{"description":"Coworking Office","monthlyRate":8689.26,"seats":5,"privateFacilities":false,"phoneIncluded":true,"windows":false,"corner":false},{"description":"Single Corner Suite","monthlyRate":1264.78,"seats":1,"privateFacilities":true,"phoneIncluded":true,"windows":false,"corner":true},{"description":"Pair Corner Office","monthlyRate":2117.66,"seats":2,"privateFacilities":false,"phoneIncluded":false,"windows":false,"corner":true},{"description":"Pair Office","monthlyRate":2626.71,"seats":2,"privateFacilities":false,"phoneIncluded":true,"windows":false,"corner":false},{"description":"Team Corner Office","monthlyRate":5591.48,"seats":3,"privateFacilities":false,"phoneIncluded":true,"windows":false,"corner":true},{"description":"Pair Suite","monthlyRate":2151.46,"seats":2,"privateFacilities":true,"phoneIncluded":true,"windows":false,"corner":false},{"description":"Pair Corner Suite","monthlyRate":2274.99,"seats":2,"privateFacilities":true,"phoneIncluded":false,"windows":false,"corner":true}],"parkingIncluded":false,"conferenceRoomsIncluded":true,"receptionIncluded":true,"publicAccess":true,"lastRenovationDate":"2018-08-29T00:00:00.000Z","image":"e2e10c64-be63-47af-942b-6da5a43438d1.png"},{"id":"weissnat-smitham-and-waters-square","name":"Weissnat, Smitham and Waters Square","longitude":40.738651,"latitude":-74.003571,"mailingAddress":"8th Ave New York, NY 10014","rooms":[{"description":"Pair Suite","monthlyRate":2871.47,"seats":2,"privateFacilities":true,"phoneIncluded":true,"windows":false,"corner":false},{"description":"Team Suite","monthlyRate":5685.52,"seats":3,"privateFacilities":true,"phoneIncluded":true,"windows":false,"corner":false},{"description":"Single Corner Office","monthlyRate":1098.64,"seats":1,"privateFacilities":false,"phoneIncluded":true,"windows":false,"corner":true},{"description":"Single Suite","monthlyRate":1117.78,"seats":1,"privateFacilities":true,"phoneIncluded":false,"windows":false,"corner":false},{"description":"Team Suite","monthlyRate":4616.4,"seats":4,"privateFacilities":true,"phoneIncluded":false,"windows":false,"corner":false},{"description":"Single Corner Office","monthlyRate":1430.92,"seats":1,"privateFacilities":false,"phoneIncluded":true,"windows":false,"corner":true},{"description":"Single Suite","monthlyRate":1951.41,"seats":1,"privateFacilities":true,"phoneIncluded":true,"windows":false,"corner":false},{"description":"Coworking Corner Office","monthlyRate":8394.49,"seats":5,"privateFacilities":false,"phoneIncluded":false,"windows":false,"corner":true},{"description":"Pair Suite","monthlyRate":3177.1,"seats":2,"privateFacilities":true,"phoneIncluded":false,"windows":false,"corner":false}],"parkingIncluded":false,"conferenceRoomsIncluded":true,"receptionIncluded":false,"publicAccess":true,"lastRenovationDate":"1994-10-10T00:00:00.000Z","image":"59cf1b5a-9877-4f16-a303-3c55d0e3bac4.png"},{"id":"gorczany-abbott-complex","name":"Gorczany - Abbott Complex","longitude":42.336109,"latitude":-83.049103,"mailingAddress":"1555 Broadway St Detroit, MI 48226","rooms":[{"description":"Pair Corner Office","monthlyRate":2508.43,"seats":2,"privateFacilities":false,"phoneIncluded":true,"windows":false,"corner":true},{"description":"Single Corner Suite","monthlyRate":1014.78,"seats":1,"privateFacilities":true,"phoneIncluded":true,"windows":false,"corner":true},{"description":"Team Corner Suite","monthlyRate":3018.15,"seats":3,"privateFacilities":true,"phoneIncluded":true,"windows":false,"corner":true},{"description":"Team Corner Suite","monthlyRate":5398.86,"seats":4,"privateFacilities":true,"phoneIncluded":true,"windows":false,"corner":true},{"description":"Pair Corner Suite","monthlyRate":3120.35,"seats":2,"privateFacilities":true,"phoneIncluded":true,"windows":false,"corner":true},{"description":"Single Suite","monthlyRate":1465.39,"seats":1,"privateFacilities":true,"phoneIncluded":false,"windows":false,"corner":false}],"parkingIncluded":false,"conferenceRoomsIncluded":false,"receptionIncluded":false,"publicAccess":false,"lastRenovationDate":"1954-01-30T00:00:00.000Z","image":"14e04e68-d886-4e94-9d88-e980cf3bcf74.png"}]},{"id":"9419161a-32a1-4f88-9c86-1b6533cdb500","locations":[{"id":"kilback-lueilwitz-and-kiehn-complex","name":"Kilback, Lueilwitz and Kiehn Complex","longitude":30.004539,"latitude":-90.156708,"mailingAddress":"3301 Veterans Memorial Blvd Metairie, LA 70002","rooms":[{"description":"Coworking Corner Office","monthlyRate":7681.41,"seats":5,"privateFacilities":false,"phoneIncluded":true,"windows":false,"corner":true},{"description":"Pair Suite","monthlyRate":2574.39,"seats":2,"privateFacilities":true,"phoneIncluded":true,"windows":false,"corner":false},{"description":"Pair Office","monthlyRate":2290.19,"seats":2,"privateFacilities":false,"phoneIncluded":false,"windows":false,"corner":false},{"description":"Single Corner Office","monthlyRate":1694.38,"seats":1,"privateFacilities":false,"phoneIncluded":true,"windows":false,"corner":true}],"parkingIncluded":false,"conferenceRoomsIncluded":true,"receptionIncluded":true,"publicAccess":true,"lastRenovationDate":"2009-06-25T00:00:00.000Z","image":"fed69212-cd44-4f1f-b845-94610c44074c.png"},{"id":"carter-gaylord-building","name":"Carter - Gaylord Building","longitude":42.36137,"latitude":-71.08123,"mailingAddress":"1 Memorial Dr Cambridge, MA 02142","rooms":[{"description":"Single Corner Suite","monthlyRate":1480.17,"seats":1,"privateFacilities":true,"phoneIncluded":true,"windows":false,"corner":true},{"description":"Single Corner Suite","monthlyRate":1645.12,"seats":1,"privateFacilities":true,"phoneIncluded":false,"windows":false,"corner":true},{"description":"Pair Office","monthlyRate":2991.29,"seats":2,"privateFacilities":false,"phoneIncluded":true,"windows":false,"corner":false},{"description":"Single Corner Suite","monthlyRate":1417.29,"seats":1,"privateFacilities":true,"phoneIncluded":false,"windows":false,"corner":true},{"description":"Pair Corner Office","monthlyRate":2420.65,"seats":2,"privateFacilities":false,"phoneIncluded":true,"windows":false,"corner":true},{"description":"Single Corner Suite","monthlyRate":1075.04,"seats":1,"privateFacilities":true,"phoneIncluded":true,"windows":false,"corner":true},{"description":"Pair Corner Office","monthlyRate":2659.78,"seats":2,"privateFacilities":false,"phoneIncluded":false,"windows":false,"corner":true}],"parkingIncluded":true,"conferenceRoomsIncluded":true,"receptionIncluded":true,"publicAccess":true,"lastRenovationDate":"2006-02-07T00:00:00.000Z","image":"41aa4010-f1ce-4997-803d-4c18f2252ad8.png"},{"id":"morissette-wunsch-and-boyle-square","name":"Morissette, Wunsch and Boyle Square","longitude":37.242077,"latitude":-121.781952,"mailingAddress":"9 Great Oaks Blvd, San Jose, CA 95119","rooms":[{"description":"Single Corner Office","monthlyRate":1897.59,"seats":1,"privateFacilities":false,"phoneIncluded":false,"windows":false,"corner":true},{"description":"Pair Office","monthlyRate":2833.94,"seats":2,"privateFacilities":false,"phoneIncluded":true,"windows":false,"corner":false},{"description":"Pair Corner Suite","monthlyRate":3662.66,"seats":2,"privateFacilities":true,"phoneIncluded":false,"windows":false,"corner":true}],"parkingIncluded":true,"conferenceRoomsIncluded":true,"receptionIncluded":false,"publicAccess":false,"lastRenovationDate":"1960-07-02T00:00:00.000Z","image":"f38845ea-15c2-4cc7-b46f-c657761f68c0.png"}]},{"id":"0762acb5-ac8a-461c-aa9c-d8359a11909d","locations":[{"id":"bahringer-inc-complex","name":"Bahringer Inc Complex","longitude":41.88951,"latitude":-87.62864,"mailingAddress":"20 W Kinzie St Chicago, IL 60654","rooms":[{"description":"Single Corner Suite","monthlyRate":1812.52,"seats":1,"privateFacilities":true,"phoneIncluded":true,"windows":false,"corner":true},{"description":"Pair Suite","monthlyRate":3369.46,"seats":2,"privateFacilities":true,"phoneIncluded":false,"windows":false,"corner":false},{"description":"Coworking Corner Office","monthlyRate":9111.55,"seats":5,"privateFacilities":false,"phoneIncluded":true,"windows":false,"corner":true}],"parkingIncluded":true,"conferenceRoomsIncluded":false,"receptionIncluded":false,"publicAccess":false,"lastRenovationDate":"1987-06-02T00:00:00.000Z","image":"1010078e-2537-4aa1-be46-dd1c2e3ca015.png"},{"id":"schimmel-steuber-complex","name":"Schimmel - Steuber Complex","longitude":43.616871,"latitude":-116.220711,"mailingAddress":"1649 Shoreline Dr Boise, ID 83702","rooms":[{"description":"Pair Corner Suite","monthlyRate":2360.57,"seats":2,"privateFacilities":true,"phoneIncluded":false,"windows":false,"corner":true},{"description":"Single Office","monthlyRate":1457.8,"seats":1,"privateFacilities":false,"phoneIncluded":true,"windows":false,"corner":false},{"description":"Team Corner Office","monthlyRate":4494.55,"seats":4,"privateFacilities":false,"phoneIncluded":false,"windows":false,"corner":true},{"description":"Coworking Corner Office","monthlyRate":7379.82,"seats":5,"privateFacilities":false,"phoneIncluded":false,"windows":false,"corner":true},{"description":"Pair Office","monthlyRate":2744.15,"seats":2,"privateFacilities":false,"phoneIncluded":true,"windows":false,"corner":false},{"description":"Coworking Suite","monthlyRate":8549.02,"seats":5,"privateFacilities":true,"phoneIncluded":true,"windows":false,"corner":false},{"description":"Pair Office","monthlyRate":2396.25,"seats":2,"privateFacilities":false,"phoneIncluded":true,"windows":false,"corner":false},{"description":"Pair Corner Suite","monthlyRate":2865.04,"seats":2,"privateFacilities":true,"phoneIncluded":false,"windows":false,"corner":true},{"description":"Single Corner Office","monthlyRate":1887.97,"seats":1,"privateFacilities":false,"phoneIncluded":true,"windows":false,"corner":true},{"description":"Coworking Suite","monthlyRate":5271.62,"seats":5,"privateFacilities":true,"phoneIncluded":false,"windows":false,"corner":false}],"parkingIncluded":false,"conferenceRoomsIncluded":false,"receptionIncluded":false,"publicAccess":true,"lastRenovationDate":"1981-01-14T00:00:00.000Z","image":"3b9ad467-8d8e-42d8-b2a5-96204fafcb4b.png"},{"id":"langosh-and-sons-complex","name":"Langosh and Sons Complex","longitude":45.448959,"latitude":-122.782829,"mailingAddress":"9585 SW Washington Square Rd Portland, OR 97223","rooms":[{"description":"Coworking Corner Office","monthlyRate":8671.72,"seats":5,"privateFacilities":false,"phoneIncluded":false,"windows":false,"corner":true},{"description":"Team Suite","monthlyRate":5485.02,"seats":3,"privateFacilities":true,"phoneIncluded":true,"windows":false,"corner":false},{"description":"Team Suite","monthlyRate":4650.2,"seats":3,"privateFacilities":true,"phoneIncluded":false,"windows":false,"corner":false}],"parkingIncluded":true,"conferenceRoomsIncluded":false,"receptionIncluded":false,"publicAccess":false,"lastRenovationDate":"1977-05-25T00:00:00.000Z","image":"a1cc99c1-7f0d-4d85-bb28-52d4b6d07967.png"}]},{"id":"e43bbecd-190d-4cb5-b7a0-24ea64977549","locations":[{"id":"schinner-and-sons-building","name":"Schinner and Sons Building","longitude":40.756729,"latitude":-73.989792,"mailingAddress":"11 Times Sq New York, NY 10036","rooms":[{"description":"Team Corner Suite","monthlyRate":6530.15,"seats":4,"privateFacilities":true,"phoneIncluded":false,"windows":false,"corner":true},{"description":"Coworking Corner Suite","monthlyRate":6733.36,"seats":5,"privateFacilities":true,"phoneIncluded":false,"windows":false,"corner":true},{"description":"Pair Corner Suite","monthlyRate":2786.3,"seats":2,"privateFacilities":true,"phoneIncluded":true,"windows":false,"corner":true},{"description":"Pair Office","monthlyRate":3973.13,"seats":2,"privateFacilities":false,"phoneIncluded":false,"windows":false,"corner":false},{"description":"Coworking Corner Suite","monthlyRate":7674.63,"seats":5,"privateFacilities":true,"phoneIncluded":false,"windows":false,"corner":true},{"description":"Team Suite","monthlyRate":3650.71,"seats":3,"privateFacilities":true,"phoneIncluded":true,"windows":false,"corner":false},{"description":"Team Office","monthlyRate":7336.61,"seats":4,"privateFacilities":false,"phoneIncluded":false,"windows":false,"corner":false},{"description":"Single Corner Suite","monthlyRate":1316.03,"seats":1,"privateFacilities":true,"phoneIncluded":false,"windows":false,"corner":true},{"description":"Coworking Corner Office","monthlyRate":5480.86,"seats":5,"privateFacilities":false,"phoneIncluded":true,"windows":false,"corner":true}],"parkingIncluded":true,"conferenceRoomsIncluded":false,"receptionIncluded":true,"publicAccess":true,"lastRenovationDate":"2013-10-30T00:00:00.000Z","image":"771da4a1-87d4-4114-bc33-ae3dc50c5d0a.png"},{"id":"murphy-thiel-and-morar-plaza","name":"Murphy, Thiel and Morar Plaza","longitude":47.640656,"latitude":-122.126381,"mailingAddress":"16021 NE 36th Way Redmond, WA 98052","rooms":[{"description":"Single Corner Office","monthlyRate":1212.57,"seats":1,"privateFacilities":false,"phoneIncluded":true,"windows":false,"corner":true},{"description":"Pair Office","monthlyRate":3361.48,"seats":2,"privateFacilities":false,"phoneIncluded":true,"windows":false,"corner":false},{"description":"Single Suite","monthlyRate":1403.76,"seats":1,"privateFacilities":true,"phoneIncluded":false,"windows":false,"corner":false},{"description":"Coworking Office","monthlyRate":5066.23,"seats":5,"privateFacilities":false,"phoneIncluded":true,"windows":false,"corner":false},{"description":"Team Corner Office","monthlyRate":5114.18,"seats":3,"privateFacilities":false,"phoneIncluded":true,"windows":false,"corner":true},{"description":"Single Corner Suite","monthlyRate":1900.73,"seats":1,"privateFacilities":true,"phoneIncluded":true,"windows":false,"corner":true},{"description":"Single Corner Office","monthlyRate":1505.9,"seats":1,"privateFacilities":false,"phoneIncluded":false,"windows":false,"corner":true},{"description":"Team Corner Suite","monthlyRate":3030.39,"seats":3,"privateFacilities":true,"phoneIncluded":false,"windows":false,"corner":true},{"description":"Coworking Corner Suite","monthlyRate":6433.95,"seats":5,"privateFacilities":true,"phoneIncluded":false,"windows":false,"corner":true}],"parkingIncluded":false,"conferenceRoomsIncluded":false,"receptionIncluded":true,"publicAccess":true,"lastRenovationDate":"1975-09-18T00:00:00.000Z","image":"8233bd2d-8ca7-457a-8452-c302ebe21533.png"},{"id":"wolff-douglas-and-hagenes-square","name":"Wolff, Douglas and Hagenes Square","longitude":41.725285,"latitude":-72.761261,"mailingAddress":"1500 New Britain Ave West Hartford, CT 06110","rooms":[{"description":"Pair Office","monthlyRate":2607.22,"seats":2,"privateFacilities":false,"phoneIncluded":false,"windows":false,"corner":false},{"description":"Single Corner Office","monthlyRate":1389.03,"seats":1,"privateFacilities":false,"phoneIncluded":false,"windows":false,"corner":true},{"description":"Coworking Corner Suite","monthlyRate":7763.82,"seats":5,"privateFacilities":true,"phoneIncluded":false,"windows":false,"corner":true}],"parkingIncluded":false,"conferenceRoomsIncluded":true,"receptionIncluded":true,"publicAccess":true,"lastRenovationDate":"1987-04-19T00:00:00.000Z","image":"99821ccb-9293-4653-92a0-83a43d55411f.png"}]},{"id":"443c10e0-718f-4d93-8af1-353f8355c558","locations":[{"id":"wunsch-llc-center","name":"Wunsch LLC Center","longitude":47.644508,"latitude":-122.13694,"mailingAddress":"15255 NE 40th Redmond, WA 98052","rooms":[{"description":"Coworking Corner Suite","monthlyRate":8815.41,"seats":5,"privateFacilities":true,"phoneIncluded":false,"windows":false,"corner":true},{"description":"Single Corner Office","monthlyRate":1420.73,"seats":1,"privateFacilities":false,"phoneIncluded":true,"windows":false,"corner":true},{"description":"Pair Suite","monthlyRate":2882.65,"seats":2,"privateFacilities":true,"phoneIncluded":true,"windows":false,"corner":false},{"description":"Team Corner Office","monthlyRate":3485.03,"seats":3,"privateFacilities":false,"phoneIncluded":false,"windows":false,"corner":true},{"description":"Team Corner Office","monthlyRate":5339.08,"seats":4,"privateFacilities":false,"phoneIncluded":false,"windows":false,"corner":true},{"description":"Team Suite","monthlyRate":4652.78,"seats":4,"privateFacilities":true,"phoneIncluded":true,"windows":false,"corner":false}],"parkingIncluded":false,"conferenceRoomsIncluded":true,"receptionIncluded":true,"publicAccess":true,"lastRenovationDate":"1978-11-21T00:00:00.000Z","image":"672adc6c-72f6-49c2-aa03-bb2d9b9b8a27.png"},{"id":"schuster-inc-building","name":"Schuster Inc Building","longitude":38.863659,"latitude":-77.060066,"mailingAddress":"1100 S Hayes St Arlington, VA 22202","rooms":[{"description":"Team Corner Suite","monthlyRate":5253.62,"seats":4,"privateFacilities":true,"phoneIncluded":true,"windows":false,"corner":true},{"description":"Pair Office","monthlyRate":3555.14,"seats":2,"privateFacilities":false,"phoneIncluded":false,"windows":false,"corner":false}],"parkingIncluded":true,"conferenceRoomsIncluded":true,"receptionIncluded":false,"publicAccess":false,"lastRenovationDate":"1996-01-27T00:00:00.000Z","image":"f5aa7996-ca52-4419-9b5a-6e1288b9569a.png"},{"id":"champlin-bauch-square","name":"Champlin - Bauch Square","longitude":37.362087,"latitude":-121.946564,"mailingAddress":"2045 Lafayette St Santa Clara, CA 95050","rooms":[{"description":"Team Corner Suite","monthlyRate":3620.28,"seats":3,"privateFacilities":true,"phoneIncluded":false,"windows":false,"corner":true},{"description":"Team Suite","monthlyRate":7209.24,"seats":4,"privateFacilities":true,"phoneIncluded":true,"windows":false,"corner":false},{"description":"Pair Corner Office","monthlyRate":3524.81,"seats":2,"privateFacilities":false,"phoneIncluded":false,"windows":false,"corner":true},{"description":"Single Corner Suite","monthlyRate":1641.48,"seats":1,"privateFacilities":true,"phoneIncluded":true,"windows":false,"corner":true},{"description":"Single Corner Suite","monthlyRate":1931.15,"seats":1,"privateFacilities":true,"phoneIncluded":false,"windows":false,"corner":true},{"description":"Team Corner Suite","monthlyRate":3206.39,"seats":3,"privateFacilities":true,"phoneIncluded":true,"windows":false,"corner":true},{"description":"Single Corner Suite","monthlyRate":1449.74,"seats":1,"privateFacilities":true,"phoneIncluded":true,"windows":false,"corner":true}],"parkingIncluded":false,"conferenceRoomsIncluded":false,"receptionIncluded":false,"publicAccess":false,"lastRenovationDate":"1960-02-24T00:00:00.000Z","image":"9a26782e-136a-4d4d-af80-85fedb0097a8.png"}]},{"id":"aa198540-12bd-40f2-81ce-d139c2b8b3ab","locations":[{"id":"watsica-parisian-complex","name":"Watsica - Parisian Complex","longitude":38.67219,"latitude":-90.44081,"mailingAddress":"3 Cityplace Dr St. Louis, MO 63141","rooms":[{"description":"Pair Corner Suite","monthlyRate":2562,"seats":2,"privateFacilities":true,"phoneIncluded":true,"windows":false,"corner":true},{"description":"Team Corner Suite","monthlyRate":5971.57,"seats":3,"privateFacilities":true,"phoneIncluded":true,"windows":false,"corner":true},{"description":"Team Suite","monthlyRate":4481.49,"seats":3,"privateFacilities":true,"phoneIncluded":false,"windows":false,"corner":false},{"description":"Pair Office","monthlyRate":2820.17,"seats":2,"privateFacilities":false,"phoneIncluded":true,"windows":false,"corner":false}],"parkingIncluded":false,"conferenceRoomsIncluded":true,"receptionIncluded":false,"publicAccess":false,"lastRenovationDate":"1954-03-18T00:00:00.000Z","image":"b498d2ac-5d23-4d7b-b7fb-d65370bfd296.png"},{"id":"hammes-welch-square","name":"Hammes - Welch Square","longitude":37.415588,"latitude":-122.075577,"mailingAddress":"1288 Pear Ave Mountain View, CA 94043","rooms":[{"description":"Coworking Office","monthlyRate":9236.44,"seats":5,"privateFacilities":false,"phoneIncluded":true,"windows":false,"corner":false},{"description":"Team Office","monthlyRate":7018.88,"seats":4,"privateFacilities":false,"phoneIncluded":true,"windows":false,"corner":false},{"description":"Single Corner Suite","monthlyRate":1850.29,"seats":1,"privateFacilities":true,"phoneIncluded":false,"windows":false,"corner":true}],"parkingIncluded":true,"conferenceRoomsIncluded":true,"receptionIncluded":true,"publicAccess":true,"lastRenovationDate":"1982-08-07T00:00:00.000Z","image":"a2c415e9-2ba1-4273-abd9-83a6e245249f.png"},{"id":"mertz-group-square","name":"Mertz Group Square","longitude":36.072445,"latitude":-95.889305,"mailingAddress":"7633 E 63rd Pl Tulsa, OK 74133","rooms":[{"description":"Team Corner Office","monthlyRate":4192.34,"seats":4,"privateFacilities":false,"phoneIncluded":true,"windows":false,"corner":true},{"description":"Pair Corner Office","monthlyRate":2879.76,"seats":2,"privateFacilities":false,"phoneIncluded":true,"windows":false,"corner":true}],"parkingIncluded":true,"conferenceRoomsIncluded":false,"receptionIncluded":false,"publicAccess":true,"lastRenovationDate":"1988-04-04T00:00:00.000Z","image":"91e3806f-180f-4a98-a21d-079b30ca65b7.png"}]},{"id":"88179714-652c-49ad-863c-3099fbda1304","locations":[{"id":"daniel-mcdermott-and-douglas-square","name":"Daniel, McDermott and Douglas Square","longitude":33.503067,"latitude":-111.929405,"mailingAddress":"7014 E Camelback Rd Scottsdale, AZ 85251","rooms":[{"description":"Team Office","monthlyRate":3690.77,"seats":3,"privateFacilities":false,"phoneIncluded":true,"windows":false,"corner":false},{"description":"Pair Suite","monthlyRate":3317.32,"seats":2,"privateFacilities":true,"phoneIncluded":true,"windows":false,"corner":false}],"parkingIncluded":false,"conferenceRoomsIncluded":true,"receptionIncluded":false,"publicAccess":true,"lastRenovationDate":"2017-01-18T00:00:00.000Z","image":"1132f6ad-a8c9-45d9-9859-c48b5ae51253.png"},{"id":"mayer-dare-complex","name":"Mayer - Dare Complex","longitude":38.90166,"latitude":-77.03241,"mailingAddress":"1401 I St NW Washington D.C., DC 20005","rooms":[{"description":"Single Suite","monthlyRate":1711,"seats":1,"privateFacilities":true,"phoneIncluded":false,"windows":false,"corner":false},{"description":"Pair Corner Suite","monthlyRate":2983.95,"seats":2,"privateFacilities":true,"phoneIncluded":true,"windows":false,"corner":true},{"description":"Single Office","monthlyRate":1875.88,"seats":1,"privateFacilities":false,"phoneIncluded":true,"windows":false,"corner":false}],"parkingIncluded":false,"conferenceRoomsIncluded":false,"receptionIncluded":true,"publicAccess":false,"lastRenovationDate":"1998-02-19T00:00:00.000Z","image":"7b2b35b5-2bb6-4e07-8f8f-8615910c8664.png"},{"id":"turner-schoen-and-bogisich-center","name":"Turner, Schoen and Bogisich Center","longitude":37.989769,"latitude":-84.527771,"mailingAddress":"3401 Nicholasville Rd Lexington, KY 40503","rooms":[{"description":"Pair Corner Office","monthlyRate":2024.67,"seats":2,"privateFacilities":false,"phoneIncluded":false,"windows":false,"corner":true},{"description":"Team Suite","monthlyRate":7101.23,"seats":4,"privateFacilities":true,"phoneIncluded":false,"windows":false,"corner":false},{"description":"Coworking Suite","monthlyRate":8112.78,"seats":5,"privateFacilities":true,"phoneIncluded":true,"windows":false,"corner":false},{"description":"Pair Suite","monthlyRate":2332.04,"seats":2,"privateFacilities":true,"phoneIncluded":false,"windows":false,"corner":false},{"description":"Team Corner Office","monthlyRate":4899.36,"seats":4,"privateFacilities":false,"phoneIncluded":true,"windows":false,"corner":true},{"description":"Pair Corner Suite","monthlyRate":3187.35,"seats":2,"privateFacilities":true,"phoneIncluded":true,"windows":false,"corner":true},{"description":"Single Corner Office","monthlyRate":1743.9,"seats":1,"privateFacilities":false,"phoneIncluded":false,"windows":false,"corner":true}],"parkingIncluded":false,"conferenceRoomsIncluded":true,"receptionIncluded":true,"publicAccess":true,"lastRenovationDate":"2016-07-12T00:00:00.000Z","image":"72d63689-cb05-4749-914d-5a7b0884de5c.png"}]},{"id":"5779cd04-4c3d-4f1c-9d85-51d5ea369a58","locations":[{"id":"wiza-quitzon-and-moen-complex","name":"Wiza, Quitzon and Moen Complex","longitude":37.792259,"latitude":-122.403481,"mailingAddress":"555 California St San Francisco, CA 94104","rooms":[{"description":"Coworking Corner Office","monthlyRate":7769.87,"seats":5,"privateFacilities":false,"phoneIncluded":false,"windows":false,"corner":true},{"description":"Team Corner Office","monthlyRate":4896.29,"seats":4,"privateFacilities":false,"phoneIncluded":false,"windows":false,"corner":true}],"parkingIncluded":false,"conferenceRoomsIncluded":true,"receptionIncluded":true,"publicAccess":false,"lastRenovationDate":"2005-03-20T00:00:00.000Z","image":"ea913d41-74af-445d-9191-54bb1ca78cd8.png"},{"id":"buckridge-llc-square","name":"Buckridge LLC Square","longitude":32.875282,"latitude":-117.206993,"mailingAddress":"9255 Towne Centre Dr San Diego, CA 92121","rooms":[{"description":"Coworking Suite","monthlyRate":8481.1,"seats":5,"privateFacilities":true,"phoneIncluded":true,"windows":false,"corner":false},{"description":"Team Corner Suite","monthlyRate":5847.08,"seats":4,"privateFacilities":true,"phoneIncluded":true,"windows":false,"corner":true},{"description":"Pair Corner Suite","monthlyRate":3750.94,"seats":2,"privateFacilities":true,"phoneIncluded":true,"windows":false,"corner":true},{"description":"Pair Office","monthlyRate":3385.72,"seats":2,"privateFacilities":false,"phoneIncluded":true,"windows":false,"corner":false},{"description":"Team Corner Office","monthlyRate":4266.03,"seats":3,"privateFacilities":false,"phoneIncluded":false,"windows":false,"corner":true},{"description":"Team Suite","monthlyRate":5513.53,"seats":3,"privateFacilities":true,"phoneIncluded":true,"windows":false,"corner":false},{"description":"Pair Corner Office","monthlyRate":2453.97,"seats":2,"privateFacilities":false,"phoneIncluded":true,"windows":false,"corner":true},{"description":"Single Suite","monthlyRate":1278.9,"seats":1,"privateFacilities":true,"phoneIncluded":false,"windows":false,"corner":false}],"parkingIncluded":false,"conferenceRoomsIncluded":true,"receptionIncluded":true,"publicAccess":true,"lastRenovationDate":"2012-06-02T00:00:00.000Z","image":"728e7683-ab60-4026-b7f0-528fe690717f.png"},{"id":"friesen-and-sons-square","name":"Friesen and Sons Square","longitude":45.322392,"latitude":-122.770576,"mailingAddress":"9025 SW Hillman Ct Wilsonville, OR 97070","rooms":[{"description":"Team Corner Office","monthlyRate":5536.05,"seats":4,"privateFacilities":false,"phoneIncluded":true,"windows":false,"corner":true},{"description":"Single Corner Office","monthlyRate":1318.26,"seats":1,"privateFacilities":false,"phoneIncluded":false,"windows":false,"corner":true},{"description":"Team Office","monthlyRate":5320.04,"seats":3,"privateFacilities":false,"phoneIncluded":true,"windows":false,"corner":false},{"description":"Single Corner Office","monthlyRate":1132.24,"seats":1,"privateFacilities":false,"phoneIncluded":false,"windows":false,"corner":true},{"description":"Single Corner Office","monthlyRate":1193.97,"seats":1,"privateFacilities":false,"phoneIncluded":false,"windows":false,"corner":true},{"description":"Pair Corner Suite","monthlyRate":3854.67,"seats":2,"privateFacilities":true,"phoneIncluded":true,"windows":false,"corner":true},{"description":"Coworking Corner Suite","monthlyRate":8401.5,"seats":5,"privateFacilities":true,"phoneIncluded":true,"windows":false,"corner":true}],"parkingIncluded":false,"conferenceRoomsIncluded":false,"receptionIncluded":true,"publicAccess":false,"lastRenovationDate":"1980-09-16T00:00:00.000Z","image":"fc2ccc3c-84af-4207-ba20-a15e4311b753.png"}]},{"id":"c73f912a-257a-4c71-9f5d-6cc290eb25cb","locations":[{"id":"glover-schaden-and-senger-center","name":"Glover, Schaden and Senger Center","longitude":47.61166,"latitude":-122.347771,"mailingAddress":"2211 Elliott Ave Seattle, WA 98121","rooms":[{"description":"Pair Suite","monthlyRate":2968.04,"seats":2,"privateFacilities":true,"phoneIncluded":true,"windows":false,"corner":false},{"description":"Pair Office","monthlyRate":3269.61,"seats":2,"privateFacilities":false,"phoneIncluded":false,"windows":false,"corner":false},{"description":"Pair Corner Suite","monthlyRate":3118.11,"seats":2,"privateFacilities":true,"phoneIncluded":false,"windows":false,"corner":true},{"description":"Single Corner Suite","monthlyRate":1124.82,"seats":1,"privateFacilities":true,"phoneIncluded":true,"windows":false,"corner":true},{"description":"Single Office","monthlyRate":1722.18,"seats":1,"privateFacilities":false,"phoneIncluded":false,"windows":false,"corner":false}],"parkingIncluded":false,"conferenceRoomsIncluded":true,"receptionIncluded":false,"publicAccess":false,"lastRenovationDate":"1969-08-05T00:00:00.000Z","image":"6597f7f4-a002-4c85-ab78-dc6e0096f0e9.png"},{"id":"spencer-and-sons-center","name":"Spencer and Sons Center","longitude":32.800762,"latitude":-96.819412,"mailingAddress":"1950 N Stemmons Fw Dallas, TX 75207","rooms":[{"description":"Team Corner Suite","monthlyRate":6407.59,"seats":4,"privateFacilities":true,"phoneIncluded":false,"windows":false,"corner":true},{"description":"Coworking Office","monthlyRate":9191.36,"seats":5,"privateFacilities":false,"phoneIncluded":true,"windows":false,"corner":false},{"description":"Pair Corner Office","monthlyRate":3737.82,"seats":2,"privateFacilities":false,"phoneIncluded":true,"windows":false,"corner":true},{"description":"Coworking Corner Suite","monthlyRate":8344.22,"seats":5,"privateFacilities":true,"phoneIncluded":false,"windows":false,"corner":true},{"description":"Pair Office","monthlyRate":2592.53,"seats":2,"privateFacilities":false,"phoneIncluded":true,"windows":false,"corner":false},{"description":"Team Corner Suite","monthlyRate":4406.46,"seats":4,"privateFacilities":true,"phoneIncluded":false,"windows":false,"corner":true},{"description":"Pair Corner Office","monthlyRate":2449.91,"seats":2,"privateFacilities":false,"phoneIncluded":false,"windows":false,"corner":true}],"parkingIncluded":false,"conferenceRoomsIncluded":true,"receptionIncluded":false,"publicAccess":true,"lastRenovationDate":"1959-11-14T00:00:00.000Z","image":"7a1c935f-7782-4ab0-80cd-c18771b89ea7.png"},{"id":"stanton-stoltenberg-square","name":"Stanton - Stoltenberg Square","longitude":47.61702,"latitude":-122.193008,"mailingAddress":"11025 NE 8th St Bellevue, WA 98004","rooms":[{"description":"Team Suite","monthlyRate":4612.81,"seats":3,"privateFacilities":true,"phoneIncluded":false,"windows":false,"corner":false},{"description":"Team Suite","monthlyRate":6053.15,"seats":4,"privateFacilities":true,"phoneIncluded":true,"windows":false,"corner":false}],"parkingIncluded":false,"conferenceRoomsIncluded":true,"receptionIncluded":true,"publicAccess":false,"lastRenovationDate":"2000-01-19T00:00:00.000Z","image":"bd86748a-34a0-42de-8309-f29f805ecdb1.png"}]},{"id":"7d8f207f-157f-4f12-a92e-378d161146c7","locations":[{"id":"heidenreich-hills-building","name":"Heidenreich - Hills Building","longitude":25.689901,"latitude":-80.312546,"mailingAddress":"7535 Dadeland Mall Miami, FL 33156","rooms":[{"description":"Team Corner Office","monthlyRate":4206.6,"seats":3,"privateFacilities":false,"phoneIncluded":true,"windows":false,"corner":true},{"description":"Team Office","monthlyRate":6096.9,"seats":4,"privateFacilities":false,"phoneIncluded":false,"windows":false,"corner":false},{"description":"Coworking Suite","monthlyRate":7768.76,"seats":5,"privateFacilities":true,"phoneIncluded":false,"windows":false,"corner":false},{"description":"Pair Corner Office","monthlyRate":2056.67,"seats":2,"privateFacilities":false,"phoneIncluded":true,"windows":false,"corner":true},{"description":"Team Suite","monthlyRate":5306.41,"seats":3,"privateFacilities":true,"phoneIncluded":true,"windows":false,"corner":false},{"description":"Team Suite","monthlyRate":5902.69,"seats":4,"privateFacilities":true,"phoneIncluded":true,"windows":false,"corner":false},{"description":"Team Suite","monthlyRate":3017.75,"seats":3,"privateFacilities":true,"phoneIncluded":true,"windows":false,"corner":false},{"description":"Single Office","monthlyRate":1792.33,"seats":1,"privateFacilities":false,"phoneIncluded":false,"windows":false,"corner":false},{"description":"Team Office","monthlyRate":7086.87,"seats":4,"privateFacilities":false,"phoneIncluded":false,"windows":false,"corner":false}],"parkingIncluded":false,"conferenceRoomsIncluded":true,"receptionIncluded":false,"publicAccess":false,"lastRenovationDate":"2003-07-23T00:00:00.000Z","image":"2cba3a82-8bb1-444d-9fbe-8026349ab6c9.png"},{"id":"kreiger-langworth-square","name":"Kreiger - Langworth Square","longitude":46.814121,"latitude":-96.845932,"mailingAddress":"4000 Great Plains Dr Fargo, ND 58104","rooms":[{"description":"Pair Office","monthlyRate":2748.89,"seats":2,"privateFacilities":false,"phoneIncluded":true,"windows":false,"corner":false},{"description":"Team Corner Office","monthlyRate":4913.37,"seats":4,"privateFacilities":false,"phoneIncluded":true,"windows":false,"corner":true}],"parkingIncluded":false,"conferenceRoomsIncluded":true,"receptionIncluded":false,"publicAccess":true,"lastRenovationDate":"1978-02-21T00:00:00.000Z","image":"cd2b2498-48b3-486b-b6ad-d428bc94100d.png"},{"id":"legros-group-square","name":"Legros Group Square","longitude":35.90416,"latitude":-78.940483,"mailingAddress":"6910 Fayetteville Rd Durham, NC 27713","rooms":[{"description":"Pair Office","monthlyRate":3292.5,"seats":2,"privateFacilities":false,"phoneIncluded":false,"windows":false,"corner":false},{"description":"Coworking Corner Office","monthlyRate":6232.33,"seats":5,"privateFacilities":false,"phoneIncluded":true,"windows":false,"corner":true},{"description":"Coworking Corner Office","monthlyRate":9647.83,"seats":5,"privateFacilities":false,"phoneIncluded":true,"windows":false,"corner":true},{"description":"Coworking Suite","monthlyRate":7413.87,"seats":5,"privateFacilities":true,"phoneIncluded":false,"windows":false,"corner":false},{"description":"Team Corner Office","monthlyRate":4417.05,"seats":4,"privateFacilities":false,"phoneIncluded":false,"windows":false,"corner":true}],"parkingIncluded":false,"conferenceRoomsIncluded":false,"receptionIncluded":true,"publicAccess":false,"lastRenovationDate":"1999-09-06T00:00:00.000Z","image":"65b46dc4-4c84-494e-96d9-f665810d3325.png"}]},{"id":"bd9ba061-6cf5-406f-bea3-8afe5ef71f71","locations":[{"id":"mills-inc-building","name":"Mills Inc Building","longitude":40.760586,"latitude":-73.975403,"mailingAddress":"677 5th Ave New York, NY 10022","rooms":[{"description":"Team Suite","monthlyRate":6716.76,"seats":4,"privateFacilities":true,"phoneIncluded":false,"windows":false,"corner":false},{"description":"Team Corner Office","monthlyRate":7115.22,"seats":4,"privateFacilities":false,"phoneIncluded":true,"windows":false,"corner":true},{"description":"Coworking Corner Suite","monthlyRate":6510.03,"seats":5,"privateFacilities":true,"phoneIncluded":false,"windows":false,"corner":true}],"parkingIncluded":false,"conferenceRoomsIncluded":false,"receptionIncluded":false,"publicAccess":true,"lastRenovationDate":"1970-01-18T00:00:00.000Z","image":"1bd4e948-b155-4d12-ae0f-63ad5eacfd44.png"},{"id":"stiedemann-and-sons-building","name":"Stiedemann and Sons Building","longitude":45.531139,"latitude":-122.685928,"mailingAddress":"1414 NW Northrup St Portland, OR 97209","rooms":[{"description":"Pair Corner Suite","monthlyRate":2497.45,"seats":2,"privateFacilities":true,"phoneIncluded":true,"windows":false,"corner":true},{"description":"Pair Office","monthlyRate":2842.26,"seats":2,"privateFacilities":false,"phoneIncluded":false,"windows":false,"corner":false},{"description":"Team Office","monthlyRate":5750.4,"seats":4,"privateFacilities":false,"phoneIncluded":false,"windows":false,"corner":false}],"parkingIncluded":true,"conferenceRoomsIncluded":false,"receptionIncluded":false,"publicAccess":false,"lastRenovationDate":"2011-01-31T00:00:00.000Z","image":"75cce71e-6ec5-43fb-ba71-c1f74ae65e72.png"},{"id":"feil-mcclure-and-daugherty-building","name":"Feil, McClure and Daugherty Building","longitude":47.616989,"latitude":-122.201195,"mailingAddress":"700 Bellevue Way Bellevue, WA 98004","rooms":[{"description":"Coworking Suite","monthlyRate":9255.18,"seats":5,"privateFacilities":true,"phoneIncluded":false,"windows":false,"corner":false},{"description":"Coworking Corner Office","monthlyRate":8265.89,"seats":5,"privateFacilities":false,"phoneIncluded":false,"windows":false,"corner":true},{"description":"Pair Suite","monthlyRate":3847.05,"seats":2,"privateFacilities":true,"phoneIncluded":true,"windows":false,"corner":false},{"description":"Single Corner Suite","monthlyRate":1380.95,"seats":1,"privateFacilities":true,"phoneIncluded":false,"windows":false,"corner":true},{"description":"Pair Office","monthlyRate":3760.46,"seats":2,"privateFacilities":false,"phoneIncluded":true,"windows":false,"corner":false},{"description":"Pair Corner Office","monthlyRate":3204.63,"seats":2,"privateFacilities":false,"phoneIncluded":false,"windows":false,"corner":true},{"description":"Single Suite","monthlyRate":1969.82,"seats":1,"privateFacilities":true,"phoneIncluded":true,"windows":false,"corner":false},{"description":"Team Corner Suite","monthlyRate":4590.75,"seats":3,"privateFacilities":true,"phoneIncluded":false,"windows":false,"corner":true}],"parkingIncluded":false,"conferenceRoomsIncluded":true,"receptionIncluded":true,"publicAccess":true,"lastRenovationDate":"2018-01-03T00:00:00.000Z","image":"ff959e83-078b-48eb-aaa7-6d3aa14cb79c.png"}]}]},"__N_SSG":true}