{"pageProps":{"location":{"id":"bahringer-inc-complex","name":"Bahringer Inc Complex","longitude":41.88951,"latitude":-87.62864,"mailingAddress":"20 W Kinzie St Chicago, IL 60654","rooms":[{"description":"Single Corner Suite","monthlyRate":1812.52,"seats":1,"privateFacilities":true,"phoneIncluded":true,"windows":false,"corner":true},{"description":"Pair Suite","monthlyRate":3369.46,"seats":2,"privateFacilities":true,"phoneIncluded":false,"windows":false,"corner":false},{"description":"Coworking Corner Office","monthlyRate":9111.55,"seats":5,"privateFacilities":false,"phoneIncluded":true,"windows":false,"corner":true}],"parkingIncluded":true,"conferenceRoomsIncluded":false,"receptionIncluded":false,"publicAccess":false,"lastRenovationDate":"1987-06-02T00:00:00.000Z","image":"1010078e-2537-4aa1-be46-dd1c2e3ca015.png"}},"__N_SSG":true}