{"pageProps":{"location":{"id":"bashirian-williamson-center","name":"Bashirian - Williamson Center","longitude":30.40016,"latitude":-97.726486,"mailingAddress":"3309 Esperanza Xing Austin, TX 78758","rooms":[{"description":"Coworking Office","monthlyRate":8689.26,"seats":5,"privateFacilities":false,"phoneIncluded":true,"windows":false,"corner":false},{"description":"Single Corner Suite","monthlyRate":1264.78,"seats":1,"privateFacilities":true,"phoneIncluded":true,"windows":false,"corner":true},{"description":"Pair Corner Office","monthlyRate":2117.66,"seats":2,"privateFacilities":false,"phoneIncluded":false,"windows":false,"corner":true},{"description":"Pair Office","monthlyRate":2626.71,"seats":2,"privateFacilities":false,"phoneIncluded":true,"windows":false,"corner":false},{"description":"Team Corner Office","monthlyRate":5591.48,"seats":3,"privateFacilities":false,"phoneIncluded":true,"windows":false,"corner":true},{"description":"Pair Suite","monthlyRate":2151.46,"seats":2,"privateFacilities":true,"phoneIncluded":true,"windows":false,"corner":false},{"description":"Pair Corner Suite","monthlyRate":2274.99,"seats":2,"privateFacilities":true,"phoneIncluded":false,"windows":false,"corner":true}],"parkingIncluded":false,"conferenceRoomsIncluded":true,"receptionIncluded":true,"publicAccess":true,"lastRenovationDate":"2018-08-29T00:00:00.000Z","image":"e2e10c64-be63-47af-942b-6da5a43438d1.png"}},"__N_SSG":true}