{"pageProps":{"location":{"id":"bosco-moen-and-hand-center","name":"Bosco, Moen and Hand Center","longitude":47.79454,"latitude":-122.1967,"mailingAddress":"22422 29th Dr SE Bothell, WA 98021","rooms":[{"description":"Coworking Suite","monthlyRate":8297.78,"seats":5,"privateFacilities":true,"phoneIncluded":true,"windows":false,"corner":false},{"description":"Single Office","monthlyRate":1649.22,"seats":1,"privateFacilities":false,"phoneIncluded":true,"windows":false,"corner":false},{"description":"Single Suite","monthlyRate":1407.41,"seats":1,"privateFacilities":true,"phoneIncluded":true,"windows":false,"corner":false},{"description":"Single Corner Office","monthlyRate":1432.03,"seats":1,"privateFacilities":false,"phoneIncluded":true,"windows":false,"corner":true},{"description":"Pair Suite","monthlyRate":3833.26,"seats":2,"privateFacilities":true,"phoneIncluded":false,"windows":false,"corner":false},{"description":"Team Corner Office","monthlyRate":5755.21,"seats":4,"privateFacilities":false,"phoneIncluded":false,"windows":false,"corner":true},{"description":"Coworking Corner Office","monthlyRate":7734.48,"seats":5,"privateFacilities":false,"phoneIncluded":false,"windows":false,"corner":true},{"description":"Team Suite","monthlyRate":5944.61,"seats":4,"privateFacilities":true,"phoneIncluded":true,"windows":false,"corner":false},{"description":"Team Corner Office","monthlyRate":7514.28,"seats":4,"privateFacilities":false,"phoneIncluded":true,"windows":false,"corner":true},{"description":"Pair Suite","monthlyRate":2100.36,"seats":2,"privateFacilities":true,"phoneIncluded":true,"windows":false,"corner":false}],"parkingIncluded":true,"conferenceRoomsIncluded":true,"receptionIncluded":false,"publicAccess":false,"lastRenovationDate":"1981-11-26T00:00:00.000Z","image":"c7499088-d4af-45c3-8a64-7bfe0e7f49c4.png"}},"__N_SSG":true}