{"pageProps":{"location":{"id":"buckridge-llc-square","name":"Buckridge LLC Square","longitude":32.875282,"latitude":-117.206993,"mailingAddress":"9255 Towne Centre Dr San Diego, CA 92121","rooms":[{"description":"Coworking Suite","monthlyRate":8481.1,"seats":5,"privateFacilities":true,"phoneIncluded":true,"windows":false,"corner":false},{"description":"Team Corner Suite","monthlyRate":5847.08,"seats":4,"privateFacilities":true,"phoneIncluded":true,"windows":false,"corner":true},{"description":"Pair Corner Suite","monthlyRate":3750.94,"seats":2,"privateFacilities":true,"phoneIncluded":true,"windows":false,"corner":true},{"description":"Pair Office","monthlyRate":3385.72,"seats":2,"privateFacilities":false,"phoneIncluded":true,"windows":false,"corner":false},{"description":"Team Corner Office","monthlyRate":4266.03,"seats":3,"privateFacilities":false,"phoneIncluded":false,"windows":false,"corner":true},{"description":"Team Suite","monthlyRate":5513.53,"seats":3,"privateFacilities":true,"phoneIncluded":true,"windows":false,"corner":false},{"description":"Pair Corner Office","monthlyRate":2453.97,"seats":2,"privateFacilities":false,"phoneIncluded":true,"windows":false,"corner":true},{"description":"Single Suite","monthlyRate":1278.9,"seats":1,"privateFacilities":true,"phoneIncluded":false,"windows":false,"corner":false}],"parkingIncluded":false,"conferenceRoomsIncluded":true,"receptionIncluded":true,"publicAccess":true,"lastRenovationDate":"2012-06-02T00:00:00.000Z","image":"728e7683-ab60-4026-b7f0-528fe690717f.png"}},"__N_SSG":true}