{"pageProps":{"location":{"id":"carter-gaylord-building","name":"Carter - Gaylord Building","longitude":42.36137,"latitude":-71.08123,"mailingAddress":"1 Memorial Dr Cambridge, MA 02142","rooms":[{"description":"Single Corner Suite","monthlyRate":1480.17,"seats":1,"privateFacilities":true,"phoneIncluded":true,"windows":false,"corner":true},{"description":"Single Corner Suite","monthlyRate":1645.12,"seats":1,"privateFacilities":true,"phoneIncluded":false,"windows":false,"corner":true},{"description":"Pair Office","monthlyRate":2991.29,"seats":2,"privateFacilities":false,"phoneIncluded":true,"windows":false,"corner":false},{"description":"Single Corner Suite","monthlyRate":1417.29,"seats":1,"privateFacilities":true,"phoneIncluded":false,"windows":false,"corner":true},{"description":"Pair Corner Office","monthlyRate":2420.65,"seats":2,"privateFacilities":false,"phoneIncluded":true,"windows":false,"corner":true},{"description":"Single Corner Suite","monthlyRate":1075.04,"seats":1,"privateFacilities":true,"phoneIncluded":true,"windows":false,"corner":true},{"description":"Pair Corner Office","monthlyRate":2659.78,"seats":2,"privateFacilities":false,"phoneIncluded":false,"windows":false,"corner":true}],"parkingIncluded":true,"conferenceRoomsIncluded":true,"receptionIncluded":true,"publicAccess":true,"lastRenovationDate":"2006-02-07T00:00:00.000Z","image":"41aa4010-f1ce-4997-803d-4c18f2252ad8.png"}},"__N_SSG":true}