{"pageProps":{"location":{"id":"champlin-bauch-square","name":"Champlin - Bauch Square","longitude":37.362087,"latitude":-121.946564,"mailingAddress":"2045 Lafayette St Santa Clara, CA 95050","rooms":[{"description":"Team Corner Suite","monthlyRate":3620.28,"seats":3,"privateFacilities":true,"phoneIncluded":false,"windows":false,"corner":true},{"description":"Team Suite","monthlyRate":7209.24,"seats":4,"privateFacilities":true,"phoneIncluded":true,"windows":false,"corner":false},{"description":"Pair Corner Office","monthlyRate":3524.81,"seats":2,"privateFacilities":false,"phoneIncluded":false,"windows":false,"corner":true},{"description":"Single Corner Suite","monthlyRate":1641.48,"seats":1,"privateFacilities":true,"phoneIncluded":true,"windows":false,"corner":true},{"description":"Single Corner Suite","monthlyRate":1931.15,"seats":1,"privateFacilities":true,"phoneIncluded":false,"windows":false,"corner":true},{"description":"Team Corner Suite","monthlyRate":3206.39,"seats":3,"privateFacilities":true,"phoneIncluded":true,"windows":false,"corner":true},{"description":"Single Corner Suite","monthlyRate":1449.74,"seats":1,"privateFacilities":true,"phoneIncluded":true,"windows":false,"corner":true}],"parkingIncluded":false,"conferenceRoomsIncluded":false,"receptionIncluded":false,"publicAccess":false,"lastRenovationDate":"1960-02-24T00:00:00.000Z","image":"9a26782e-136a-4d4d-af80-85fedb0097a8.png"}},"__N_SSG":true}