{"pageProps":{"location":{"id":"cronin-group-plaza","name":"Cronin Group Plaza","longitude":36.107281,"latitude":-86.816017,"mailingAddress":"2126 Abbott Martin Rd Nashville, TN 37215","rooms":[{"description":"Single Suite","monthlyRate":1851.99,"seats":1,"privateFacilities":true,"phoneIncluded":true,"windows":false,"corner":false},{"description":"Coworking Corner Suite","monthlyRate":8741.43,"seats":5,"privateFacilities":true,"phoneIncluded":true,"windows":false,"corner":true}],"parkingIncluded":false,"conferenceRoomsIncluded":false,"receptionIncluded":true,"publicAccess":false,"lastRenovationDate":"1981-10-05T00:00:00.000Z","image":"a01d958c-cf5e-438a-ba73-e6fd3ed3d2db.png"}},"__N_SSG":true}