{"pageProps":{"location":{"id":"daniel-mcdermott-and-douglas-square","name":"Daniel, McDermott and Douglas Square","longitude":33.503067,"latitude":-111.929405,"mailingAddress":"7014 E Camelback Rd Scottsdale, AZ 85251","rooms":[{"description":"Team Office","monthlyRate":3690.77,"seats":3,"privateFacilities":false,"phoneIncluded":true,"windows":false,"corner":false},{"description":"Pair Suite","monthlyRate":3317.32,"seats":2,"privateFacilities":true,"phoneIncluded":true,"windows":false,"corner":false}],"parkingIncluded":false,"conferenceRoomsIncluded":true,"receptionIncluded":false,"publicAccess":true,"lastRenovationDate":"2017-01-18T00:00:00.000Z","image":"1132f6ad-a8c9-45d9-9859-c48b5ae51253.png"}},"__N_SSG":true}