{"pageProps":{"location":{"id":"feil-mcclure-and-daugherty-building","name":"Feil, McClure and Daugherty Building","longitude":47.616989,"latitude":-122.201195,"mailingAddress":"700 Bellevue Way Bellevue, WA 98004","rooms":[{"description":"Coworking Suite","monthlyRate":9255.18,"seats":5,"privateFacilities":true,"phoneIncluded":false,"windows":false,"corner":false},{"description":"Coworking Corner Office","monthlyRate":8265.89,"seats":5,"privateFacilities":false,"phoneIncluded":false,"windows":false,"corner":true},{"description":"Pair Suite","monthlyRate":3847.05,"seats":2,"privateFacilities":true,"phoneIncluded":true,"windows":false,"corner":false},{"description":"Single Corner Suite","monthlyRate":1380.95,"seats":1,"privateFacilities":true,"phoneIncluded":false,"windows":false,"corner":true},{"description":"Pair Office","monthlyRate":3760.46,"seats":2,"privateFacilities":false,"phoneIncluded":true,"windows":false,"corner":false},{"description":"Pair Corner Office","monthlyRate":3204.63,"seats":2,"privateFacilities":false,"phoneIncluded":false,"windows":false,"corner":true},{"description":"Single Suite","monthlyRate":1969.82,"seats":1,"privateFacilities":true,"phoneIncluded":true,"windows":false,"corner":false},{"description":"Team Corner Suite","monthlyRate":4590.75,"seats":3,"privateFacilities":true,"phoneIncluded":false,"windows":false,"corner":true}],"parkingIncluded":false,"conferenceRoomsIncluded":true,"receptionIncluded":true,"publicAccess":true,"lastRenovationDate":"2018-01-03T00:00:00.000Z","image":"ff959e83-078b-48eb-aaa7-6d3aa14cb79c.png"}},"__N_SSG":true}