{"pageProps":{"location":{"id":"friesen-and-sons-square","name":"Friesen and Sons Square","longitude":45.322392,"latitude":-122.770576,"mailingAddress":"9025 SW Hillman Ct Wilsonville, OR 97070","rooms":[{"description":"Team Corner Office","monthlyRate":5536.05,"seats":4,"privateFacilities":false,"phoneIncluded":true,"windows":false,"corner":true},{"description":"Single Corner Office","monthlyRate":1318.26,"seats":1,"privateFacilities":false,"phoneIncluded":false,"windows":false,"corner":true},{"description":"Team Office","monthlyRate":5320.04,"seats":3,"privateFacilities":false,"phoneIncluded":true,"windows":false,"corner":false},{"description":"Single Corner Office","monthlyRate":1132.24,"seats":1,"privateFacilities":false,"phoneIncluded":false,"windows":false,"corner":true},{"description":"Single Corner Office","monthlyRate":1193.97,"seats":1,"privateFacilities":false,"phoneIncluded":false,"windows":false,"corner":true},{"description":"Pair Corner Suite","monthlyRate":3854.67,"seats":2,"privateFacilities":true,"phoneIncluded":true,"windows":false,"corner":true},{"description":"Coworking Corner Suite","monthlyRate":8401.5,"seats":5,"privateFacilities":true,"phoneIncluded":true,"windows":false,"corner":true}],"parkingIncluded":false,"conferenceRoomsIncluded":false,"receptionIncluded":true,"publicAccess":false,"lastRenovationDate":"1980-09-16T00:00:00.000Z","image":"fc2ccc3c-84af-4207-ba20-a15e4311b753.png"}},"__N_SSG":true}