{"pageProps":{"location":{"id":"glover-schaden-and-senger-center","name":"Glover, Schaden and Senger Center","longitude":47.61166,"latitude":-122.347771,"mailingAddress":"2211 Elliott Ave Seattle, WA 98121","rooms":[{"description":"Pair Suite","monthlyRate":2968.04,"seats":2,"privateFacilities":true,"phoneIncluded":true,"windows":false,"corner":false},{"description":"Pair Office","monthlyRate":3269.61,"seats":2,"privateFacilities":false,"phoneIncluded":false,"windows":false,"corner":false},{"description":"Pair Corner Suite","monthlyRate":3118.11,"seats":2,"privateFacilities":true,"phoneIncluded":false,"windows":false,"corner":true},{"description":"Single Corner Suite","monthlyRate":1124.82,"seats":1,"privateFacilities":true,"phoneIncluded":true,"windows":false,"corner":true},{"description":"Single Office","monthlyRate":1722.18,"seats":1,"privateFacilities":false,"phoneIncluded":false,"windows":false,"corner":false}],"parkingIncluded":false,"conferenceRoomsIncluded":true,"receptionIncluded":false,"publicAccess":false,"lastRenovationDate":"1969-08-05T00:00:00.000Z","image":"6597f7f4-a002-4c85-ab78-dc6e0096f0e9.png"}},"__N_SSG":true}