{"pageProps":{"location":{"id":"gorczany-abbott-complex","name":"Gorczany - Abbott Complex","longitude":42.336109,"latitude":-83.049103,"mailingAddress":"1555 Broadway St Detroit, MI 48226","rooms":[{"description":"Pair Corner Office","monthlyRate":2508.43,"seats":2,"privateFacilities":false,"phoneIncluded":true,"windows":false,"corner":true},{"description":"Single Corner Suite","monthlyRate":1014.78,"seats":1,"privateFacilities":true,"phoneIncluded":true,"windows":false,"corner":true},{"description":"Team Corner Suite","monthlyRate":3018.15,"seats":3,"privateFacilities":true,"phoneIncluded":true,"windows":false,"corner":true},{"description":"Team Corner Suite","monthlyRate":5398.86,"seats":4,"privateFacilities":true,"phoneIncluded":true,"windows":false,"corner":true},{"description":"Pair Corner Suite","monthlyRate":3120.35,"seats":2,"privateFacilities":true,"phoneIncluded":true,"windows":false,"corner":true},{"description":"Single Suite","monthlyRate":1465.39,"seats":1,"privateFacilities":true,"phoneIncluded":false,"windows":false,"corner":false}],"parkingIncluded":false,"conferenceRoomsIncluded":false,"receptionIncluded":false,"publicAccess":false,"lastRenovationDate":"1954-01-30T00:00:00.000Z","image":"14e04e68-d886-4e94-9d88-e980cf3bcf74.png"}},"__N_SSG":true}