{"pageProps":{"location":{"id":"goyette-luettgen-plaza","name":"Goyette - Luettgen Plaza","longitude":37.793369,"latitude":-122.394234,"mailingAddress":"1 Market San Francisco, CA 94105","rooms":[{"description":"Coworking Suite","monthlyRate":9026.75,"seats":5,"privateFacilities":true,"phoneIncluded":false,"windows":false,"corner":false},{"description":"Single Suite","monthlyRate":1703.95,"seats":1,"privateFacilities":true,"phoneIncluded":false,"windows":false,"corner":false}],"parkingIncluded":true,"conferenceRoomsIncluded":true,"receptionIncluded":true,"publicAccess":false,"lastRenovationDate":"1953-07-12T00:00:00.000Z","image":"8b6c58fc-45d0-4a14-8d87-15c2646499fb.png"}},"__N_SSG":true}