{"pageProps":{"location":{"id":"gutkowski-inc-building","name":"Gutkowski Inc Building","longitude":33.846432,"latitude":-84.362465,"mailingAddress":"3393 Peachtree Rd Atlanta, GA 30326","rooms":[{"description":"Team Office","monthlyRate":3180.39,"seats":3,"privateFacilities":false,"phoneIncluded":false,"windows":false,"corner":false},{"description":"Team Office","monthlyRate":5088.93,"seats":4,"privateFacilities":false,"phoneIncluded":false,"windows":false,"corner":false},{"description":"Coworking Corner Office","monthlyRate":8733.47,"seats":5,"privateFacilities":false,"phoneIncluded":false,"windows":false,"corner":true},{"description":"Single Suite","monthlyRate":1971.5,"seats":1,"privateFacilities":true,"phoneIncluded":false,"windows":false,"corner":false},{"description":"Team Office","monthlyRate":4137.11,"seats":3,"privateFacilities":false,"phoneIncluded":false,"windows":false,"corner":false},{"description":"Team Suite","monthlyRate":4065.2,"seats":3,"privateFacilities":true,"phoneIncluded":true,"windows":false,"corner":false},{"description":"Coworking Corner Office","monthlyRate":9916.61,"seats":5,"privateFacilities":false,"phoneIncluded":true,"windows":false,"corner":true},{"description":"Single Suite","monthlyRate":1980.85,"seats":1,"privateFacilities":true,"phoneIncluded":false,"windows":false,"corner":false}],"parkingIncluded":true,"conferenceRoomsIncluded":false,"receptionIncluded":true,"publicAccess":true,"lastRenovationDate":"2015-09-20T00:00:00.000Z","image":"588b4490-ac65-426f-848e-ee20bccb19ec.png"}},"__N_SSG":true}