{"pageProps":{"location":{"id":"hammes-welch-square","name":"Hammes - Welch Square","longitude":37.415588,"latitude":-122.075577,"mailingAddress":"1288 Pear Ave Mountain View, CA 94043","rooms":[{"description":"Coworking Office","monthlyRate":9236.44,"seats":5,"privateFacilities":false,"phoneIncluded":true,"windows":false,"corner":false},{"description":"Team Office","monthlyRate":7018.88,"seats":4,"privateFacilities":false,"phoneIncluded":true,"windows":false,"corner":false},{"description":"Single Corner Suite","monthlyRate":1850.29,"seats":1,"privateFacilities":true,"phoneIncluded":false,"windows":false,"corner":true}],"parkingIncluded":true,"conferenceRoomsIncluded":true,"receptionIncluded":true,"publicAccess":true,"lastRenovationDate":"1982-08-07T00:00:00.000Z","image":"a2c415e9-2ba1-4273-abd9-83a6e245249f.png"}},"__N_SSG":true}