{"pageProps":{"location":{"id":"heidenreich-hills-building","name":"Heidenreich - Hills Building","longitude":25.689901,"latitude":-80.312546,"mailingAddress":"7535 Dadeland Mall Miami, FL 33156","rooms":[{"description":"Team Corner Office","monthlyRate":4206.6,"seats":3,"privateFacilities":false,"phoneIncluded":true,"windows":false,"corner":true},{"description":"Team Office","monthlyRate":6096.9,"seats":4,"privateFacilities":false,"phoneIncluded":false,"windows":false,"corner":false},{"description":"Coworking Suite","monthlyRate":7768.76,"seats":5,"privateFacilities":true,"phoneIncluded":false,"windows":false,"corner":false},{"description":"Pair Corner Office","monthlyRate":2056.67,"seats":2,"privateFacilities":false,"phoneIncluded":true,"windows":false,"corner":true},{"description":"Team Suite","monthlyRate":5306.41,"seats":3,"privateFacilities":true,"phoneIncluded":true,"windows":false,"corner":false},{"description":"Team Suite","monthlyRate":5902.69,"seats":4,"privateFacilities":true,"phoneIncluded":true,"windows":false,"corner":false},{"description":"Team Suite","monthlyRate":3017.75,"seats":3,"privateFacilities":true,"phoneIncluded":true,"windows":false,"corner":false},{"description":"Single Office","monthlyRate":1792.33,"seats":1,"privateFacilities":false,"phoneIncluded":false,"windows":false,"corner":false},{"description":"Team Office","monthlyRate":7086.87,"seats":4,"privateFacilities":false,"phoneIncluded":false,"windows":false,"corner":false}],"parkingIncluded":false,"conferenceRoomsIncluded":true,"receptionIncluded":false,"publicAccess":false,"lastRenovationDate":"2003-07-23T00:00:00.000Z","image":"2cba3a82-8bb1-444d-9fbe-8026349ab6c9.png"}},"__N_SSG":true}