{"pageProps":{"location":{"id":"kilback-lueilwitz-and-kiehn-complex","name":"Kilback, Lueilwitz and Kiehn Complex","longitude":30.004539,"latitude":-90.156708,"mailingAddress":"3301 Veterans Memorial Blvd Metairie, LA 70002","rooms":[{"description":"Coworking Corner Office","monthlyRate":7681.41,"seats":5,"privateFacilities":false,"phoneIncluded":true,"windows":false,"corner":true},{"description":"Pair Suite","monthlyRate":2574.39,"seats":2,"privateFacilities":true,"phoneIncluded":true,"windows":false,"corner":false},{"description":"Pair Office","monthlyRate":2290.19,"seats":2,"privateFacilities":false,"phoneIncluded":false,"windows":false,"corner":false},{"description":"Single Corner Office","monthlyRate":1694.38,"seats":1,"privateFacilities":false,"phoneIncluded":true,"windows":false,"corner":true}],"parkingIncluded":false,"conferenceRoomsIncluded":true,"receptionIncluded":true,"publicAccess":true,"lastRenovationDate":"2009-06-25T00:00:00.000Z","image":"fed69212-cd44-4f1f-b845-94610c44074c.png"}},"__N_SSG":true}