{"pageProps":{"location":{"id":"kreiger-langworth-square","name":"Kreiger - Langworth Square","longitude":46.814121,"latitude":-96.845932,"mailingAddress":"4000 Great Plains Dr Fargo, ND 58104","rooms":[{"description":"Pair Office","monthlyRate":2748.89,"seats":2,"privateFacilities":false,"phoneIncluded":true,"windows":false,"corner":false},{"description":"Team Corner Office","monthlyRate":4913.37,"seats":4,"privateFacilities":false,"phoneIncluded":true,"windows":false,"corner":true}],"parkingIncluded":false,"conferenceRoomsIncluded":true,"receptionIncluded":false,"publicAccess":true,"lastRenovationDate":"1978-02-21T00:00:00.000Z","image":"cd2b2498-48b3-486b-b6ad-d428bc94100d.png"}},"__N_SSG":true}