{"pageProps":{"location":{"id":"kuhlman-ankunding-and-howe-square","name":"Kuhlman, Ankunding and Howe Square","longitude":47.676857,"latitude":-122.198074,"mailingAddress":"550 Kirkland Way Kirkland, WA 98033","rooms":[{"description":"Coworking Suite","monthlyRate":9295.58,"seats":5,"privateFacilities":true,"phoneIncluded":true,"windows":false,"corner":false},{"description":"Single Corner Office","monthlyRate":1694.52,"seats":1,"privateFacilities":false,"phoneIncluded":false,"windows":false,"corner":true},{"description":"Coworking Corner Office","monthlyRate":6557.93,"seats":5,"privateFacilities":false,"phoneIncluded":true,"windows":false,"corner":true},{"description":"Team Suite","monthlyRate":6622.99,"seats":4,"privateFacilities":true,"phoneIncluded":false,"windows":false,"corner":false},{"description":"Team Office","monthlyRate":3811.47,"seats":3,"privateFacilities":false,"phoneIncluded":false,"windows":false,"corner":false},{"description":"Coworking Office","monthlyRate":5797.65,"seats":5,"privateFacilities":false,"phoneIncluded":true,"windows":false,"corner":false}],"parkingIncluded":false,"conferenceRoomsIncluded":false,"receptionIncluded":false,"publicAccess":false,"lastRenovationDate":"1969-09-16T00:00:00.000Z","image":"632240d8-edd6-440c-8c82-b871e705ccf3.png"}},"__N_SSG":true}