{"pageProps":{"location":{"id":"langosh-and-sons-complex","name":"Langosh and Sons Complex","longitude":45.448959,"latitude":-122.782829,"mailingAddress":"9585 SW Washington Square Rd Portland, OR 97223","rooms":[{"description":"Coworking Corner Office","monthlyRate":8671.72,"seats":5,"privateFacilities":false,"phoneIncluded":false,"windows":false,"corner":true},{"description":"Team Suite","monthlyRate":5485.02,"seats":3,"privateFacilities":true,"phoneIncluded":true,"windows":false,"corner":false},{"description":"Team Suite","monthlyRate":4650.2,"seats":3,"privateFacilities":true,"phoneIncluded":false,"windows":false,"corner":false}],"parkingIncluded":true,"conferenceRoomsIncluded":false,"receptionIncluded":false,"publicAccess":false,"lastRenovationDate":"1977-05-25T00:00:00.000Z","image":"a1cc99c1-7f0d-4d85-bb28-52d4b6d07967.png"}},"__N_SSG":true}