{"pageProps":{"location":{"id":"legros-group-square","name":"Legros Group Square","longitude":35.90416,"latitude":-78.940483,"mailingAddress":"6910 Fayetteville Rd Durham, NC 27713","rooms":[{"description":"Pair Office","monthlyRate":3292.5,"seats":2,"privateFacilities":false,"phoneIncluded":false,"windows":false,"corner":false},{"description":"Coworking Corner Office","monthlyRate":6232.33,"seats":5,"privateFacilities":false,"phoneIncluded":true,"windows":false,"corner":true},{"description":"Coworking Corner Office","monthlyRate":9647.83,"seats":5,"privateFacilities":false,"phoneIncluded":true,"windows":false,"corner":true},{"description":"Coworking Suite","monthlyRate":7413.87,"seats":5,"privateFacilities":true,"phoneIncluded":false,"windows":false,"corner":false},{"description":"Team Corner Office","monthlyRate":4417.05,"seats":4,"privateFacilities":false,"phoneIncluded":false,"windows":false,"corner":true}],"parkingIncluded":false,"conferenceRoomsIncluded":false,"receptionIncluded":true,"publicAccess":false,"lastRenovationDate":"1999-09-06T00:00:00.000Z","image":"65b46dc4-4c84-494e-96d9-f665810d3325.png"}},"__N_SSG":true}