{"pageProps":{"location":{"id":"lehner-kuhic-complex","name":"Lehner - Kuhic Complex","longitude":27.384417,"latitude":-82.452843,"mailingAddress":"140 University Town Center Dr Sarasota, FL 34243","rooms":[{"description":"Pair Corner Suite","monthlyRate":2642.25,"seats":2,"privateFacilities":true,"phoneIncluded":false,"windows":false,"corner":true},{"description":"Single Corner Office","monthlyRate":1454.92,"seats":1,"privateFacilities":false,"phoneIncluded":true,"windows":false,"corner":true},{"description":"Single Corner Suite","monthlyRate":1867.02,"seats":1,"privateFacilities":true,"phoneIncluded":false,"windows":false,"corner":true},{"description":"Team Corner Office","monthlyRate":4156.35,"seats":4,"privateFacilities":false,"phoneIncluded":true,"windows":false,"corner":true},{"description":"Pair Suite","monthlyRate":3811.29,"seats":2,"privateFacilities":true,"phoneIncluded":false,"windows":false,"corner":false}],"parkingIncluded":false,"conferenceRoomsIncluded":false,"receptionIncluded":false,"publicAccess":false,"lastRenovationDate":"1979-02-18T00:00:00.000Z","image":"68080618-a420-4659-a476-4d8438eb8859.png"}},"__N_SSG":true}