{"pageProps":{"location":{"id":"mayer-dare-complex","name":"Mayer - Dare Complex","longitude":38.90166,"latitude":-77.03241,"mailingAddress":"1401 I St NW Washington D.C., DC 20005","rooms":[{"description":"Single Suite","monthlyRate":1711,"seats":1,"privateFacilities":true,"phoneIncluded":false,"windows":false,"corner":false},{"description":"Pair Corner Suite","monthlyRate":2983.95,"seats":2,"privateFacilities":true,"phoneIncluded":true,"windows":false,"corner":true},{"description":"Single Office","monthlyRate":1875.88,"seats":1,"privateFacilities":false,"phoneIncluded":true,"windows":false,"corner":false}],"parkingIncluded":false,"conferenceRoomsIncluded":false,"receptionIncluded":true,"publicAccess":false,"lastRenovationDate":"1998-02-19T00:00:00.000Z","image":"7b2b35b5-2bb6-4e07-8f8f-8615910c8664.png"}},"__N_SSG":true}