{"pageProps":{"location":{"id":"mcglynn-kunze-square","name":"McGlynn - Kunze Square","longitude":47.621201,"latitude":-122.338181,"mailingAddress":"320 Westlake Ave N Seattle, WA 98109","rooms":[{"description":"Coworking Office","monthlyRate":6120.92,"seats":5,"privateFacilities":false,"phoneIncluded":true,"windows":false,"corner":false},{"description":"Coworking Corner Suite","monthlyRate":7220.4,"seats":5,"privateFacilities":true,"phoneIncluded":true,"windows":false,"corner":true},{"description":"Coworking Office","monthlyRate":8924.69,"seats":5,"privateFacilities":false,"phoneIncluded":false,"windows":false,"corner":false},{"description":"Pair Office","monthlyRate":3788.99,"seats":2,"privateFacilities":false,"phoneIncluded":true,"windows":false,"corner":false},{"description":"Pair Corner Office","monthlyRate":2948,"seats":2,"privateFacilities":false,"phoneIncluded":true,"windows":false,"corner":true}],"parkingIncluded":true,"conferenceRoomsIncluded":true,"receptionIncluded":true,"publicAccess":false,"lastRenovationDate":"1982-05-08T00:00:00.000Z","image":"601e072a-dfea-4928-ad87-dbf75d1d6448.png"}},"__N_SSG":true}