{"pageProps":{"location":{"id":"mertz-group-square","name":"Mertz Group Square","longitude":36.072445,"latitude":-95.889305,"mailingAddress":"7633 E 63rd Pl Tulsa, OK 74133","rooms":[{"description":"Team Corner Office","monthlyRate":4192.34,"seats":4,"privateFacilities":false,"phoneIncluded":true,"windows":false,"corner":true},{"description":"Pair Corner Office","monthlyRate":2879.76,"seats":2,"privateFacilities":false,"phoneIncluded":true,"windows":false,"corner":true}],"parkingIncluded":true,"conferenceRoomsIncluded":false,"receptionIncluded":false,"publicAccess":true,"lastRenovationDate":"1988-04-04T00:00:00.000Z","image":"91e3806f-180f-4a98-a21d-079b30ca65b7.png"}},"__N_SSG":true}