{"pageProps":{"location":{"id":"mills-inc-building","name":"Mills Inc Building","longitude":40.760586,"latitude":-73.975403,"mailingAddress":"677 5th Ave New York, NY 10022","rooms":[{"description":"Team Suite","monthlyRate":6716.76,"seats":4,"privateFacilities":true,"phoneIncluded":false,"windows":false,"corner":false},{"description":"Team Corner Office","monthlyRate":7115.22,"seats":4,"privateFacilities":false,"phoneIncluded":true,"windows":false,"corner":true},{"description":"Coworking Corner Suite","monthlyRate":6510.03,"seats":5,"privateFacilities":true,"phoneIncluded":false,"windows":false,"corner":true}],"parkingIncluded":false,"conferenceRoomsIncluded":false,"receptionIncluded":false,"publicAccess":true,"lastRenovationDate":"1970-01-18T00:00:00.000Z","image":"1bd4e948-b155-4d12-ae0f-63ad5eacfd44.png"}},"__N_SSG":true}