{"pageProps":{"location":{"id":"morissette-wunsch-and-boyle-square","name":"Morissette, Wunsch and Boyle Square","longitude":37.242077,"latitude":-121.781952,"mailingAddress":"9 Great Oaks Blvd, San Jose, CA 95119","rooms":[{"description":"Single Corner Office","monthlyRate":1897.59,"seats":1,"privateFacilities":false,"phoneIncluded":false,"windows":false,"corner":true},{"description":"Pair Office","monthlyRate":2833.94,"seats":2,"privateFacilities":false,"phoneIncluded":true,"windows":false,"corner":false},{"description":"Pair Corner Suite","monthlyRate":3662.66,"seats":2,"privateFacilities":true,"phoneIncluded":false,"windows":false,"corner":true}],"parkingIncluded":true,"conferenceRoomsIncluded":true,"receptionIncluded":false,"publicAccess":false,"lastRenovationDate":"1960-07-02T00:00:00.000Z","image":"f38845ea-15c2-4cc7-b46f-c657761f68c0.png"}},"__N_SSG":true}