{"pageProps":{"location":{"id":"murphy-thiel-and-morar-plaza","name":"Murphy, Thiel and Morar Plaza","longitude":47.640656,"latitude":-122.126381,"mailingAddress":"16021 NE 36th Way Redmond, WA 98052","rooms":[{"description":"Single Corner Office","monthlyRate":1212.57,"seats":1,"privateFacilities":false,"phoneIncluded":true,"windows":false,"corner":true},{"description":"Pair Office","monthlyRate":3361.48,"seats":2,"privateFacilities":false,"phoneIncluded":true,"windows":false,"corner":false},{"description":"Single Suite","monthlyRate":1403.76,"seats":1,"privateFacilities":true,"phoneIncluded":false,"windows":false,"corner":false},{"description":"Coworking Office","monthlyRate":5066.23,"seats":5,"privateFacilities":false,"phoneIncluded":true,"windows":false,"corner":false},{"description":"Team Corner Office","monthlyRate":5114.18,"seats":3,"privateFacilities":false,"phoneIncluded":true,"windows":false,"corner":true},{"description":"Single Corner Suite","monthlyRate":1900.73,"seats":1,"privateFacilities":true,"phoneIncluded":true,"windows":false,"corner":true},{"description":"Single Corner Office","monthlyRate":1505.9,"seats":1,"privateFacilities":false,"phoneIncluded":false,"windows":false,"corner":true},{"description":"Team Corner Suite","monthlyRate":3030.39,"seats":3,"privateFacilities":true,"phoneIncluded":false,"windows":false,"corner":true},{"description":"Coworking Corner Suite","monthlyRate":6433.95,"seats":5,"privateFacilities":true,"phoneIncluded":false,"windows":false,"corner":true}],"parkingIncluded":false,"conferenceRoomsIncluded":false,"receptionIncluded":true,"publicAccess":true,"lastRenovationDate":"1975-09-18T00:00:00.000Z","image":"8233bd2d-8ca7-457a-8452-c302ebe21533.png"}},"__N_SSG":true}