{"pageProps":{"location":{"id":"reichert-luettgen-complex","name":"Reichert - Luettgen Complex","longitude":47.612839,"latitude":-122.335114,"mailingAddress":"600 Pine St Seattle, WA 98101","rooms":[{"description":"Team Office","monthlyRate":4422.75,"seats":3,"privateFacilities":false,"phoneIncluded":true,"windows":false,"corner":false},{"description":"Team Corner Office","monthlyRate":4793.23,"seats":3,"privateFacilities":false,"phoneIncluded":false,"windows":false,"corner":true},{"description":"Coworking Corner Office","monthlyRate":9294.15,"seats":5,"privateFacilities":false,"phoneIncluded":false,"windows":false,"corner":true},{"description":"Team Corner Suite","monthlyRate":5381.71,"seats":3,"privateFacilities":true,"phoneIncluded":true,"windows":false,"corner":true},{"description":"Team Office","monthlyRate":3243.65,"seats":3,"privateFacilities":false,"phoneIncluded":true,"windows":false,"corner":false},{"description":"Single Corner Suite","monthlyRate":1044.41,"seats":1,"privateFacilities":true,"phoneIncluded":true,"windows":false,"corner":true},{"description":"Team Corner Suite","monthlyRate":3247.39,"seats":3,"privateFacilities":true,"phoneIncluded":false,"windows":false,"corner":true}],"parkingIncluded":false,"conferenceRoomsIncluded":false,"receptionIncluded":true,"publicAccess":true,"lastRenovationDate":"2000-08-25T00:00:00.000Z","image":"0284b16d-5908-4ca5-bf83-c7cf978795dc.png"}},"__N_SSG":true}