{"pageProps":{"location":{"id":"schinner-and-sons-building","name":"Schinner and Sons Building","longitude":40.756729,"latitude":-73.989792,"mailingAddress":"11 Times Sq New York, NY 10036","rooms":[{"description":"Team Corner Suite","monthlyRate":6530.15,"seats":4,"privateFacilities":true,"phoneIncluded":false,"windows":false,"corner":true},{"description":"Coworking Corner Suite","monthlyRate":6733.36,"seats":5,"privateFacilities":true,"phoneIncluded":false,"windows":false,"corner":true},{"description":"Pair Corner Suite","monthlyRate":2786.3,"seats":2,"privateFacilities":true,"phoneIncluded":true,"windows":false,"corner":true},{"description":"Pair Office","monthlyRate":3973.13,"seats":2,"privateFacilities":false,"phoneIncluded":false,"windows":false,"corner":false},{"description":"Coworking Corner Suite","monthlyRate":7674.63,"seats":5,"privateFacilities":true,"phoneIncluded":false,"windows":false,"corner":true},{"description":"Team Suite","monthlyRate":3650.71,"seats":3,"privateFacilities":true,"phoneIncluded":true,"windows":false,"corner":false},{"description":"Team Office","monthlyRate":7336.61,"seats":4,"privateFacilities":false,"phoneIncluded":false,"windows":false,"corner":false},{"description":"Single Corner Suite","monthlyRate":1316.03,"seats":1,"privateFacilities":true,"phoneIncluded":false,"windows":false,"corner":true},{"description":"Coworking Corner Office","monthlyRate":5480.86,"seats":5,"privateFacilities":false,"phoneIncluded":true,"windows":false,"corner":true}],"parkingIncluded":true,"conferenceRoomsIncluded":false,"receptionIncluded":true,"publicAccess":true,"lastRenovationDate":"2013-10-30T00:00:00.000Z","image":"771da4a1-87d4-4114-bc33-ae3dc50c5d0a.png"}},"__N_SSG":true}