{"pageProps":{"location":{"id":"schimmel-steuber-complex","name":"Schimmel - Steuber Complex","longitude":43.616871,"latitude":-116.220711,"mailingAddress":"1649 Shoreline Dr Boise, ID 83702","rooms":[{"description":"Pair Corner Suite","monthlyRate":2360.57,"seats":2,"privateFacilities":true,"phoneIncluded":false,"windows":false,"corner":true},{"description":"Single Office","monthlyRate":1457.8,"seats":1,"privateFacilities":false,"phoneIncluded":true,"windows":false,"corner":false},{"description":"Team Corner Office","monthlyRate":4494.55,"seats":4,"privateFacilities":false,"phoneIncluded":false,"windows":false,"corner":true},{"description":"Coworking Corner Office","monthlyRate":7379.82,"seats":5,"privateFacilities":false,"phoneIncluded":false,"windows":false,"corner":true},{"description":"Pair Office","monthlyRate":2744.15,"seats":2,"privateFacilities":false,"phoneIncluded":true,"windows":false,"corner":false},{"description":"Coworking Suite","monthlyRate":8549.02,"seats":5,"privateFacilities":true,"phoneIncluded":true,"windows":false,"corner":false},{"description":"Pair Office","monthlyRate":2396.25,"seats":2,"privateFacilities":false,"phoneIncluded":true,"windows":false,"corner":false},{"description":"Pair Corner Suite","monthlyRate":2865.04,"seats":2,"privateFacilities":true,"phoneIncluded":false,"windows":false,"corner":true},{"description":"Single Corner Office","monthlyRate":1887.97,"seats":1,"privateFacilities":false,"phoneIncluded":true,"windows":false,"corner":true},{"description":"Coworking Suite","monthlyRate":5271.62,"seats":5,"privateFacilities":true,"phoneIncluded":false,"windows":false,"corner":false}],"parkingIncluded":false,"conferenceRoomsIncluded":false,"receptionIncluded":false,"publicAccess":true,"lastRenovationDate":"1981-01-14T00:00:00.000Z","image":"3b9ad467-8d8e-42d8-b2a5-96204fafcb4b.png"}},"__N_SSG":true}