{"pageProps":{"location":{"id":"schoen-rau-and-windler-square","name":"Schoen, Rau and Windler Square","longitude":35.1087,"latitude":-106.605949,"mailingAddress":"3400 Menaul Blvd NE Albuquerque, NM 87107","rooms":[{"description":"Team Corner Suite","monthlyRate":4114.3,"seats":4,"privateFacilities":true,"phoneIncluded":true,"windows":false,"corner":true},{"description":"Single Corner Office","monthlyRate":1112.43,"seats":1,"privateFacilities":false,"phoneIncluded":true,"windows":false,"corner":true},{"description":"Team Office","monthlyRate":7878.98,"seats":4,"privateFacilities":false,"phoneIncluded":false,"windows":false,"corner":false},{"description":"Single Suite","monthlyRate":1830.52,"seats":1,"privateFacilities":true,"phoneIncluded":true,"windows":false,"corner":false},{"description":"Single Suite","monthlyRate":1449.02,"seats":1,"privateFacilities":true,"phoneIncluded":false,"windows":false,"corner":false},{"description":"Team Office","monthlyRate":3405.94,"seats":3,"privateFacilities":false,"phoneIncluded":false,"windows":false,"corner":false},{"description":"Pair Corner Suite","monthlyRate":2010.4,"seats":2,"privateFacilities":true,"phoneIncluded":false,"windows":false,"corner":true},{"description":"Coworking Office","monthlyRate":9805.22,"seats":5,"privateFacilities":false,"phoneIncluded":false,"windows":false,"corner":false}],"parkingIncluded":false,"conferenceRoomsIncluded":false,"receptionIncluded":false,"publicAccess":true,"lastRenovationDate":"2014-10-31T00:00:00.000Z","image":"2e164e90-db72-4847-9a2a-a73ea6cd9d83.png"}},"__N_SSG":true}