{"pageProps":{"location":{"id":"schuster-inc-building","name":"Schuster Inc Building","longitude":38.863659,"latitude":-77.060066,"mailingAddress":"1100 S Hayes St Arlington, VA 22202","rooms":[{"description":"Team Corner Suite","monthlyRate":5253.62,"seats":4,"privateFacilities":true,"phoneIncluded":true,"windows":false,"corner":true},{"description":"Pair Office","monthlyRate":3555.14,"seats":2,"privateFacilities":false,"phoneIncluded":false,"windows":false,"corner":false}],"parkingIncluded":true,"conferenceRoomsIncluded":true,"receptionIncluded":false,"publicAccess":false,"lastRenovationDate":"1996-01-27T00:00:00.000Z","image":"f5aa7996-ca52-4419-9b5a-6e1288b9569a.png"}},"__N_SSG":true}