{"pageProps":{"location":{"id":"sipes-group-complex","name":"Sipes Group Complex","longitude":39.717941,"latitude":-104.952133,"mailingAddress":"3000 E 1st Ave, Denver, CO 80206","rooms":[{"description":"Coworking Corner Suite","monthlyRate":7139.72,"seats":5,"privateFacilities":true,"phoneIncluded":true,"windows":false,"corner":true},{"description":"Single Office","monthlyRate":1790.76,"seats":1,"privateFacilities":false,"phoneIncluded":true,"windows":false,"corner":false},{"description":"Team Office","monthlyRate":4698.57,"seats":4,"privateFacilities":false,"phoneIncluded":true,"windows":false,"corner":false},{"description":"Team Office","monthlyRate":4544.96,"seats":3,"privateFacilities":false,"phoneIncluded":false,"windows":false,"corner":false},{"description":"Single Suite","monthlyRate":1829.03,"seats":1,"privateFacilities":true,"phoneIncluded":true,"windows":false,"corner":false},{"description":"Team Corner Suite","monthlyRate":5408.63,"seats":3,"privateFacilities":true,"phoneIncluded":false,"windows":false,"corner":true},{"description":"Team Office","monthlyRate":4524.19,"seats":3,"privateFacilities":false,"phoneIncluded":true,"windows":false,"corner":false},{"description":"Pair Office","monthlyRate":3585.98,"seats":2,"privateFacilities":false,"phoneIncluded":false,"windows":false,"corner":false}],"parkingIncluded":false,"conferenceRoomsIncluded":false,"receptionIncluded":true,"publicAccess":true,"lastRenovationDate":"1987-05-14T00:00:00.000Z","image":"210fad93-2ead-473f-9b3e-9ef63fd84bc7.png"}},"__N_SSG":true}