{"pageProps":{"location":{"id":"spencer-and-sons-center","name":"Spencer and Sons Center","longitude":32.800762,"latitude":-96.819412,"mailingAddress":"1950 N Stemmons Fw Dallas, TX 75207","rooms":[{"description":"Team Corner Suite","monthlyRate":6407.59,"seats":4,"privateFacilities":true,"phoneIncluded":false,"windows":false,"corner":true},{"description":"Coworking Office","monthlyRate":9191.36,"seats":5,"privateFacilities":false,"phoneIncluded":true,"windows":false,"corner":false},{"description":"Pair Corner Office","monthlyRate":3737.82,"seats":2,"privateFacilities":false,"phoneIncluded":true,"windows":false,"corner":true},{"description":"Coworking Corner Suite","monthlyRate":8344.22,"seats":5,"privateFacilities":true,"phoneIncluded":false,"windows":false,"corner":true},{"description":"Pair Office","monthlyRate":2592.53,"seats":2,"privateFacilities":false,"phoneIncluded":true,"windows":false,"corner":false},{"description":"Team Corner Suite","monthlyRate":4406.46,"seats":4,"privateFacilities":true,"phoneIncluded":false,"windows":false,"corner":true},{"description":"Pair Corner Office","monthlyRate":2449.91,"seats":2,"privateFacilities":false,"phoneIncluded":false,"windows":false,"corner":true}],"parkingIncluded":false,"conferenceRoomsIncluded":true,"receptionIncluded":false,"publicAccess":true,"lastRenovationDate":"1959-11-14T00:00:00.000Z","image":"7a1c935f-7782-4ab0-80cd-c18771b89ea7.png"}},"__N_SSG":true}