{"pageProps":{"location":{"id":"stamm-heidenreich-complex","name":"Stamm - Heidenreich Complex","longitude":25.956699,"latitude":-80.146729,"mailingAddress":"19575 Biscayne Blvd Aventura, FL 33180","rooms":[{"description":"Team Suite","monthlyRate":4658.72,"seats":4,"privateFacilities":true,"phoneIncluded":false,"windows":false,"corner":false},{"description":"Team Corner Suite","monthlyRate":3900.11,"seats":3,"privateFacilities":true,"phoneIncluded":false,"windows":false,"corner":true},{"description":"Single Corner Office","monthlyRate":1475.62,"seats":1,"privateFacilities":false,"phoneIncluded":false,"windows":false,"corner":true},{"description":"Single Office","monthlyRate":1776.99,"seats":1,"privateFacilities":false,"phoneIncluded":true,"windows":false,"corner":false},{"description":"Pair Corner Suite","monthlyRate":2843.25,"seats":2,"privateFacilities":true,"phoneIncluded":true,"windows":false,"corner":true}],"parkingIncluded":false,"conferenceRoomsIncluded":false,"receptionIncluded":false,"publicAccess":true,"lastRenovationDate":"1950-04-23T00:00:00.000Z","image":"5d6edd5c-469c-442f-9b7e-dc20d1cd5024.png"}},"__N_SSG":true}