{"pageProps":{"location":{"id":"stanton-stoltenberg-square","name":"Stanton - Stoltenberg Square","longitude":47.61702,"latitude":-122.193008,"mailingAddress":"11025 NE 8th St Bellevue, WA 98004","rooms":[{"description":"Team Suite","monthlyRate":4612.81,"seats":3,"privateFacilities":true,"phoneIncluded":false,"windows":false,"corner":false},{"description":"Team Suite","monthlyRate":6053.15,"seats":4,"privateFacilities":true,"phoneIncluded":true,"windows":false,"corner":false}],"parkingIncluded":false,"conferenceRoomsIncluded":true,"receptionIncluded":true,"publicAccess":false,"lastRenovationDate":"2000-01-19T00:00:00.000Z","image":"bd86748a-34a0-42de-8309-f29f805ecdb1.png"}},"__N_SSG":true}