{"pageProps":{"location":{"id":"stiedemann-and-sons-building","name":"Stiedemann and Sons Building","longitude":45.531139,"latitude":-122.685928,"mailingAddress":"1414 NW Northrup St Portland, OR 97209","rooms":[{"description":"Pair Corner Suite","monthlyRate":2497.45,"seats":2,"privateFacilities":true,"phoneIncluded":true,"windows":false,"corner":true},{"description":"Pair Office","monthlyRate":2842.26,"seats":2,"privateFacilities":false,"phoneIncluded":false,"windows":false,"corner":false},{"description":"Team Office","monthlyRate":5750.4,"seats":4,"privateFacilities":false,"phoneIncluded":false,"windows":false,"corner":false}],"parkingIncluded":true,"conferenceRoomsIncluded":false,"receptionIncluded":false,"publicAccess":false,"lastRenovationDate":"2011-01-31T00:00:00.000Z","image":"75cce71e-6ec5-43fb-ba71-c1f74ae65e72.png"}},"__N_SSG":true}