{"pageProps":{"location":{"id":"thiel-kreiger-and-gleichner-square","name":"Thiel, Kreiger and Gleichner Square","longitude":33.923931,"latitude":-84.34153,"mailingAddress":"4400 Ashford Dunwoody Rd NE Atlanta, GA 30346","rooms":[{"description":"Team Suite","monthlyRate":5834.71,"seats":4,"privateFacilities":true,"phoneIncluded":true,"windows":false,"corner":false},{"description":"Team Corner Office","monthlyRate":7154.41,"seats":4,"privateFacilities":false,"phoneIncluded":true,"windows":false,"corner":true},{"description":"Team Suite","monthlyRate":4647.4,"seats":3,"privateFacilities":true,"phoneIncluded":false,"windows":false,"corner":false},{"description":"Coworking Office","monthlyRate":6829.34,"seats":5,"privateFacilities":false,"phoneIncluded":true,"windows":false,"corner":false},{"description":"Single Corner Office","monthlyRate":1439.1,"seats":1,"privateFacilities":false,"phoneIncluded":true,"windows":false,"corner":true},{"description":"Coworking Office","monthlyRate":5913.27,"seats":5,"privateFacilities":false,"phoneIncluded":true,"windows":false,"corner":false}],"parkingIncluded":true,"conferenceRoomsIncluded":true,"receptionIncluded":false,"publicAccess":true,"lastRenovationDate":"1973-10-19T00:00:00.000Z","image":"8c24048c-9feb-40fb-9bef-a9d768d89dc5.png"}},"__N_SSG":true}