{"pageProps":{"location":{"id":"turcotte-carroll-and-hermiston-square","name":"Turcotte, Carroll and Hermiston Square","longitude":35.104061,"latitude":-89.847656,"mailingAddress":"6465 N Quail Hollow Rd Memphis, TN 38120","rooms":[{"description":"Team Corner Office","monthlyRate":4760.78,"seats":3,"privateFacilities":false,"phoneIncluded":false,"windows":false,"corner":true},{"description":"Pair Suite","monthlyRate":3094.52,"seats":2,"privateFacilities":true,"phoneIncluded":true,"windows":false,"corner":false},{"description":"Team Office","monthlyRate":6700.48,"seats":4,"privateFacilities":false,"phoneIncluded":false,"windows":false,"corner":false},{"description":"Team Office","monthlyRate":4096.01,"seats":3,"privateFacilities":false,"phoneIncluded":true,"windows":false,"corner":false},{"description":"Pair Suite","monthlyRate":3320.12,"seats":2,"privateFacilities":true,"phoneIncluded":false,"windows":false,"corner":false}],"parkingIncluded":false,"conferenceRoomsIncluded":false,"receptionIncluded":false,"publicAccess":true,"lastRenovationDate":"1983-10-31T00:00:00.000Z","image":"59ab5aed-8acf-46c9-a544-58bef746334c.png"}},"__N_SSG":true}