{"pageProps":{"location":{"id":"turner-schoen-and-bogisich-center","name":"Turner, Schoen and Bogisich Center","longitude":37.989769,"latitude":-84.527771,"mailingAddress":"3401 Nicholasville Rd Lexington, KY 40503","rooms":[{"description":"Pair Corner Office","monthlyRate":2024.67,"seats":2,"privateFacilities":false,"phoneIncluded":false,"windows":false,"corner":true},{"description":"Team Suite","monthlyRate":7101.23,"seats":4,"privateFacilities":true,"phoneIncluded":false,"windows":false,"corner":false},{"description":"Coworking Suite","monthlyRate":8112.78,"seats":5,"privateFacilities":true,"phoneIncluded":true,"windows":false,"corner":false},{"description":"Pair Suite","monthlyRate":2332.04,"seats":2,"privateFacilities":true,"phoneIncluded":false,"windows":false,"corner":false},{"description":"Team Corner Office","monthlyRate":4899.36,"seats":4,"privateFacilities":false,"phoneIncluded":true,"windows":false,"corner":true},{"description":"Pair Corner Suite","monthlyRate":3187.35,"seats":2,"privateFacilities":true,"phoneIncluded":true,"windows":false,"corner":true},{"description":"Single Corner Office","monthlyRate":1743.9,"seats":1,"privateFacilities":false,"phoneIncluded":false,"windows":false,"corner":true}],"parkingIncluded":false,"conferenceRoomsIncluded":true,"receptionIncluded":true,"publicAccess":true,"lastRenovationDate":"2016-07-12T00:00:00.000Z","image":"72d63689-cb05-4749-914d-5a7b0884de5c.png"}},"__N_SSG":true}