{"pageProps":{"location":{"id":"waelchi-inc-complex","name":"Waelchi Inc Complex","longitude":27.943701,"latitude":-82.537735,"mailingAddress":"5426 Bay Center Dr Tampa, FL 33609","rooms":[{"description":"Team Corner Office","monthlyRate":4636.47,"seats":4,"privateFacilities":false,"phoneIncluded":false,"windows":false,"corner":true},{"description":"Coworking Corner Suite","monthlyRate":8577.4,"seats":5,"privateFacilities":true,"phoneIncluded":true,"windows":false,"corner":true},{"description":"Single Office","monthlyRate":1240.7,"seats":1,"privateFacilities":false,"phoneIncluded":false,"windows":false,"corner":false},{"description":"Team Corner Office","monthlyRate":4740.77,"seats":4,"privateFacilities":false,"phoneIncluded":true,"windows":false,"corner":true},{"description":"Team Suite","monthlyRate":4765.39,"seats":3,"privateFacilities":true,"phoneIncluded":true,"windows":false,"corner":false},{"description":"Team Suite","monthlyRate":4751.42,"seats":4,"privateFacilities":true,"phoneIncluded":false,"windows":false,"corner":false},{"description":"Team Suite","monthlyRate":5717.38,"seats":3,"privateFacilities":true,"phoneIncluded":false,"windows":false,"corner":false}],"parkingIncluded":true,"conferenceRoomsIncluded":false,"receptionIncluded":false,"publicAccess":false,"lastRenovationDate":"1999-11-14T00:00:00.000Z","image":"48f95173-5633-4ced-8988-7a6ecce52f9f.png"}},"__N_SSG":true}