{"pageProps":{"location":{"id":"watsica-parisian-complex","name":"Watsica - Parisian Complex","longitude":38.67219,"latitude":-90.44081,"mailingAddress":"3 Cityplace Dr St. Louis, MO 63141","rooms":[{"description":"Pair Corner Suite","monthlyRate":2562,"seats":2,"privateFacilities":true,"phoneIncluded":true,"windows":false,"corner":true},{"description":"Team Corner Suite","monthlyRate":5971.57,"seats":3,"privateFacilities":true,"phoneIncluded":true,"windows":false,"corner":true},{"description":"Team Suite","monthlyRate":4481.49,"seats":3,"privateFacilities":true,"phoneIncluded":false,"windows":false,"corner":false},{"description":"Pair Office","monthlyRate":2820.17,"seats":2,"privateFacilities":false,"phoneIncluded":true,"windows":false,"corner":false}],"parkingIncluded":false,"conferenceRoomsIncluded":true,"receptionIncluded":false,"publicAccess":false,"lastRenovationDate":"1954-03-18T00:00:00.000Z","image":"b498d2ac-5d23-4d7b-b7fb-d65370bfd296.png"}},"__N_SSG":true}