{"pageProps":{"location":{"id":"weissnat-smitham-and-waters-square","name":"Weissnat, Smitham and Waters Square","longitude":40.738651,"latitude":-74.003571,"mailingAddress":"8th Ave New York, NY 10014","rooms":[{"description":"Pair Suite","monthlyRate":2871.47,"seats":2,"privateFacilities":true,"phoneIncluded":true,"windows":false,"corner":false},{"description":"Team Suite","monthlyRate":5685.52,"seats":3,"privateFacilities":true,"phoneIncluded":true,"windows":false,"corner":false},{"description":"Single Corner Office","monthlyRate":1098.64,"seats":1,"privateFacilities":false,"phoneIncluded":true,"windows":false,"corner":true},{"description":"Single Suite","monthlyRate":1117.78,"seats":1,"privateFacilities":true,"phoneIncluded":false,"windows":false,"corner":false},{"description":"Team Suite","monthlyRate":4616.4,"seats":4,"privateFacilities":true,"phoneIncluded":false,"windows":false,"corner":false},{"description":"Single Corner Office","monthlyRate":1430.92,"seats":1,"privateFacilities":false,"phoneIncluded":true,"windows":false,"corner":true},{"description":"Single Suite","monthlyRate":1951.41,"seats":1,"privateFacilities":true,"phoneIncluded":true,"windows":false,"corner":false},{"description":"Coworking Corner Office","monthlyRate":8394.49,"seats":5,"privateFacilities":false,"phoneIncluded":false,"windows":false,"corner":true},{"description":"Pair Suite","monthlyRate":3177.1,"seats":2,"privateFacilities":true,"phoneIncluded":false,"windows":false,"corner":false}],"parkingIncluded":false,"conferenceRoomsIncluded":true,"receptionIncluded":false,"publicAccess":true,"lastRenovationDate":"1994-10-10T00:00:00.000Z","image":"59cf1b5a-9877-4f16-a303-3c55d0e3bac4.png"}},"__N_SSG":true}