{"pageProps":{"location":{"id":"wiza-quitzon-and-moen-complex","name":"Wiza, Quitzon and Moen Complex","longitude":37.792259,"latitude":-122.403481,"mailingAddress":"555 California St San Francisco, CA 94104","rooms":[{"description":"Coworking Corner Office","monthlyRate":7769.87,"seats":5,"privateFacilities":false,"phoneIncluded":false,"windows":false,"corner":true},{"description":"Team Corner Office","monthlyRate":4896.29,"seats":4,"privateFacilities":false,"phoneIncluded":false,"windows":false,"corner":true}],"parkingIncluded":false,"conferenceRoomsIncluded":true,"receptionIncluded":true,"publicAccess":false,"lastRenovationDate":"2005-03-20T00:00:00.000Z","image":"ea913d41-74af-445d-9191-54bb1ca78cd8.png"}},"__N_SSG":true}