{"pageProps":{"location":{"id":"wolff-douglas-and-hagenes-square","name":"Wolff, Douglas and Hagenes Square","longitude":41.725285,"latitude":-72.761261,"mailingAddress":"1500 New Britain Ave West Hartford, CT 06110","rooms":[{"description":"Pair Office","monthlyRate":2607.22,"seats":2,"privateFacilities":false,"phoneIncluded":false,"windows":false,"corner":false},{"description":"Single Corner Office","monthlyRate":1389.03,"seats":1,"privateFacilities":false,"phoneIncluded":false,"windows":false,"corner":true},{"description":"Coworking Corner Suite","monthlyRate":7763.82,"seats":5,"privateFacilities":true,"phoneIncluded":false,"windows":false,"corner":true}],"parkingIncluded":false,"conferenceRoomsIncluded":true,"receptionIncluded":true,"publicAccess":true,"lastRenovationDate":"1987-04-19T00:00:00.000Z","image":"99821ccb-9293-4653-92a0-83a43d55411f.png"}},"__N_SSG":true}