{"pageProps":{"location":{"id":"wunsch-llc-center","name":"Wunsch LLC Center","longitude":47.644508,"latitude":-122.13694,"mailingAddress":"15255 NE 40th Redmond, WA 98052","rooms":[{"description":"Coworking Corner Suite","monthlyRate":8815.41,"seats":5,"privateFacilities":true,"phoneIncluded":false,"windows":false,"corner":true},{"description":"Single Corner Office","monthlyRate":1420.73,"seats":1,"privateFacilities":false,"phoneIncluded":true,"windows":false,"corner":true},{"description":"Pair Suite","monthlyRate":2882.65,"seats":2,"privateFacilities":true,"phoneIncluded":true,"windows":false,"corner":false},{"description":"Team Corner Office","monthlyRate":3485.03,"seats":3,"privateFacilities":false,"phoneIncluded":false,"windows":false,"corner":true},{"description":"Team Corner Office","monthlyRate":5339.08,"seats":4,"privateFacilities":false,"phoneIncluded":false,"windows":false,"corner":true},{"description":"Team Suite","monthlyRate":4652.78,"seats":4,"privateFacilities":true,"phoneIncluded":true,"windows":false,"corner":false}],"parkingIncluded":false,"conferenceRoomsIncluded":true,"receptionIncluded":true,"publicAccess":true,"lastRenovationDate":"1978-11-21T00:00:00.000Z","image":"672adc6c-72f6-49c2-aa03-bb2d9b9b8a27.png"}},"__N_SSG":true}