{"pageProps":{"location":{"id":"ziemann-and-sons-plaza","name":"Ziemann and Sons Plaza","longitude":29.518398,"latitude":-98.495422,"mailingAddress":"7400 San Pedro Ave San Antonio, TX 78216","rooms":[{"description":"Team Suite","monthlyRate":5501.62,"seats":3,"privateFacilities":true,"phoneIncluded":true,"windows":false,"corner":false},{"description":"Team Suite","monthlyRate":6731.65,"seats":4,"privateFacilities":true,"phoneIncluded":false,"windows":false,"corner":false}],"parkingIncluded":true,"conferenceRoomsIncluded":false,"receptionIncluded":true,"publicAccess":false,"lastRenovationDate":"1960-02-06T00:00:00.000Z","image":"c58285f0-081b-4afb-b616-f3edd2be34aa.png"}},"__N_SSG":true}